32.3669,-64.6772,27,16.61458333,9,1,0.101207845,0.106423266,0.070382319,0.015091594,0.030066824,0.695423556,0.149114867,0.297079971,0.688329387,0.147593713,0.294049393,42.70999908,58.72999954,96.56999969,151.6699982,0,0,294.2299805,294.2299805,1009.453448,1009.453448,nan,nan,98.82111208,36.54000092,30.06022255
32.3669,-64.6772,27,21.625,9,1,0.100761123,0.1106852,0.076736756,0.022718182,0.03809296,0.761571065,0.225465746,0.378052155,0.746859263,0.221110267,0.370749057,11.77999973,56.18999863,100.2099991,155.5,0,0,293.6099854,293.6099854,1009.453448,1009.453448,nan,nan,65.91633334,26.84999847,23.38577142
32.3669,-64.6772,27,30.62152778,9,1,0.108986624,0.163731962,0.082445458,0.026736677,0.043062385,0.756473179,0.245320718,0.395116243,0.687413869,0.222925106,0.359045625,23.17000008,54.87999725,99.48999786,152.3300018,0,0,293.0499878,293.0499878,1009.453448,1009.453448,nan,nan,56.2086106,29.55999947,19.88990907
32.3669,-64.6772,27,50.60416667,9,1,0.13958694,0.134960204,0.102478035,0.03199245,0.050811041,0.734152024,0.229193722,0.364009992,0.73905133,0.230723228,0.366439184,55.02999878,52.09999847,95.11999512,142,0,0,293.3099976,293.3099976,1009.453448,1009.453448,nan,nan,88.8737794,22.73999977,26.35124226
32.3669,-64.6772,27,55.61805556,9,1,0.173992366,0.175468847,0.143768162,0.057825264,0.085145734,0.826290056,0.332343683,0.489364772,0.824890069,0.331780592,0.488535639,32.70999908,48.15999985,97.54000092,146.0999908,0,0,293.0799866,293.0799866,1009.453448,1009.453448,nan,nan,29.10810079,14.96000004,10.83050255
32.3669,-64.6772,27,57.61111111,9,1,0.166451603,0.168716863,0.113695264,0.024148315,0.04750672,0.683052982,0.145077096,0.285408605,0.681198879,0.144683294,0.284633881,48.84000015,48.98999786,96.22999573,142.2099915,0,0,293.3399963,293.3399963,1009.453448,1009.453448,nan,nan,100.5763915,41.37999725,33.0481908
32.3669,-64.6772,27,73.60763889,9,1,0.170658499,0.169650763,0.131348923,0.040803768,0.066674732,0.769659428,0.239096019,0.390690954,0.770569469,0.239378724,0.391152904,49.13999939,43.32999802,95.83999634,138.5800018,0,0,293.019989,293.019989,1009.453448,1009.453448,nan,nan,52.09265697,20.94999886,17.94264225
32.3669,-64.6772,27,78.62152778,9,1,0.177028909,0.18922469,0.132475987,0.036719035,0.063828796,0.74832968,0.2074183,0.360555778,0.738159108,0.204599271,0.355655453,22.69999886,39.00999832,98.16999817,143.3499908,0,0,293.3699951,293.3699951,1009.453448,1009.453448,nan,nan,64.38696109,31.52999878,27.15709516
32.3669,-64.6772,27,80.61458333,9,1,0.21531564,0.231485754,0.159709677,0.044685286,0.07833615,0.741746754,0.207533858,0.363820062,0.730770641,0.204462843,0.358436378,41.93999863,39.88999939,96.79999542,138.7899933,0,0,293.6499939,293.6499939,1009.453448,1009.453448,nan,nan,69.78712318,28.34999847,26.35787942
32.3669,-64.6772,27,82.60416667,9,1,0.13319391,0.138576403,0.094748586,0.024809161,0.044648517,0.711358247,0.18626348,0.335214402,0.705655008,0.184770132,0.332526856,55.25,40.95000076,95.11000061,134.3999939,0,0,293.7399902,293.7399902,1009.453448,1009.453448,nan,nan,84.17882367,28.36999893,27.3449472
32.3669,-64.6772,27,98.60416667,9,1,0.134647429,0.20608151,0.097061761,0.028464723,0.048117898,0.720858626,0.211401908,0.357362177,0.651708817,0.191122756,0.323081494,55.36000061,35.40999985,95.52999878,129.5599976,0,0,292.8500061,292.8500061,1009.453448,1009.453448,nan,nan,63.79287735,31.56999969,21.36240561
32.3669,-64.6772,27,101.625,9,1,0.2212383,0.224243239,0.177189142,0.066215023,0.099869028,0.800897229,0.299292769,0.451409307,0.798727508,0.298481951,0.450186388,11.40999985,29.79999924,98.91999817,139.8199921,0,0,292.1499939,292.1499939,1009.453448,1009.453448,nan,nan,43.11055384,20.5,19.84332467
32.3669,-64.6772,27,105.6076389,9,1,0.163113847,0.159735426,0.129183456,0.06403745,0.083959572,0.791983381,0.392593583,0.514729886,0.795277746,0.39422663,0.516870976,49.54999924,32.20999908,95.90000153,129.1499939,0,0,292.8800049,292.8800049,1009.453448,1009.453448,nan,nan,70.53494704,11.72999954,25.90113526
32.3669,-64.6772,27,110.6215278,9,1,0.245223284,0.264436752,0.208020583,0.093636349,0.129685536,0.848290503,0.381841183,0.528846747,0.835202724,0.375949978,0.52068748,23.52999878,27.78999901,98.55999756,134.2200012,0,0,292.6900024,292.6900024,1009.453448,1009.453448,nan,nan,27.74141397,13.55999947,12.49014445
32.3669,-64.6772,27,114.6041667,9,1,0.157584697,0.150154293,0.128906995,0.050704781,0.074136525,0.818017216,0.321762087,0.470455106,0.825804855,0.324825308,0.474933906,55.66999817,30.72999954,94.59999847,123.5400009,0,0,293.269989,293.269989,1009.453448,1009.453448,nan,nan,34.02724772,13.05999947,11.58756124
32.3669,-64.6772,27,117.625,9,1,0.14308621,0.139414281,0.107548237,0.033439849,0.054765709,0.751632438,0.233704203,0.382746239,0.755510072,0.234909871,0.384720808,11.96000004,24.8599987,98.45999908,134.1399994,0,0,293.8599854,293.8599854,1009.453448,1009.453448,nan,nan,61.56862789,30.04999924,28.98282022
32.3669,-64.6772,27,119.6180556,9,1,0.170791656,0.156473264,0.13895227,0.055625111,0.08000166,0.813577628,0.325689863,0.468416676,0.82745158,0.331243857,0.476404593,34.02000046,26.29999924,97.75,128.1100006,0,0,293.5099792,293.5099792,1009.453448,1009.453448,nan,nan,37.60378066,16.23999977,16.1947889
32.3669,-64.6772,27,126.6215278,9,1,0.179752424,0.206446067,0.157862648,0.079240434,0.105170503,0.878222638,0.440830961,0.585085312,0.852891378,0.428115729,0.56820924,23.89999962,23.64999962,97.62999725,127.5,0,0,293.4700012,293.4700012,1009.453448,1009.453448,nan,nan,48.34522943,10.60999966,22.12114872
32.3669,-64.6772,27,130.6041667,9,1,0.196277499,0.194926679,0.149744198,0.046697862,0.076065965,0.762920856,0.237917553,0.38754297,0.763972418,0.238245484,0.388077135,55.77999878,27.29999924,94.79999542,116.6399994,0,0,293.9299927,293.9299927,1009.453448,1009.453448,nan,nan,55.29699215,21.35000038,19.04477176
32.3669,-64.6772,27,142.6215278,9,1,0.214765981,0.219532087,0.166304201,0.056569204,0.089759752,0.774350762,0.263399275,0.417942133,0.770929056,0.262235365,0.416095328,23.98999977,21.05999947,97.84999847,120,0,0,293.8299866,293.8299866,1009.453448,1009.453448,nan,nan,49.96828446,25.10000038,23.06802478
32.3669,-64.6772,27,144.6145833,9,1,0.176360384,0.112976775,0.139521837,0.053740908,0.077612244,0.791117792,0.304722106,0.440077539,0.852387072,0.328321757,0.474159991,42.80999756,23.15999985,97.22999573,114.5599976,0,0,293.8599854,293.8599854,1009.453448,1009.453448,nan,nan,49.68600411,15.38000011,20.27360053
32.3669,-64.6772,27,160.6145833,9,1,0.196986362,0.196800649,0.150240257,0.046454057,0.076434739,0.762693699,0.235823722,0.38802046,0.762837536,0.235868196,0.388093637,42.89999771,22.46999931,96.15999603,109.0499954,0,0,295.3200073,295.3200073,1009.453448,1009.453448,nan,nan,69.50700909,25.48999977,28.40190944
32.3669,-64.6772,27,162.6041667,9,1,0.143914089,0.150344774,0.105481789,0.032539818,0.053279664,0.732949703,0.226105857,0.370218544,0.726457469,0.224103084,0.366939267,55.88999939,24.95999908,94.79000092,105.1899948,0,0,295.1000061,295.1000061,1009.453448,1009.453448,nan,nan,62.32081898,24.65999985,21.59240164
32.3669,-64.6772,27,167.6180556,9,1,0.197090998,0.187008545,0.144909978,0.037883539,0.066912763,0.73524402,0.19221344,0.339501872,0.742844258,0.194200356,0.343011312,34.29999924,21.31999969,98.04999542,109.5099945,0,0,296.6999817,296.6999817,1009.453448,1009.453448,nan,nan,60.26184617,34.63999939,26.38466004
32.3669,-64.6772,27,194.6041667,9,1,0.168504879,0.158826694,0.110184856,0.021900803,0.044315156,0.653897125,0.129971328,0.262990341,0.661495811,0.131481675,0.266046451,55.88999939,26.77999878,95.3299942,106.1399994,0,0,299.8399963,299.8399963,1009.453448,1009.453448,nan,nan,125.5105424,44.11000061,43.22937648
32.3669,-64.6772,27,199.6180556,9,1,0.211832941,0.208347097,0.14452751,0.029014707,0.058612075,0.682271177,0.136969758,0.276690087,0.684524032,0.137422031,0.277603715,34.38999939,23.62999916,97.38999939,112.8399963,0,0,301.0599976,301.0599976,1009.453448,1009.453448,nan,nan,99.74843322,50.95000076,43.30617619
32.3669,-64.6772,27,201.6076389,9,1,0.209165618,0.209351361,0.145734906,0.031131504,0.061607044,0.696744081,0.148836623,0.294537146,0.696620359,0.148810193,0.294484845,50.04999924,26.26999855,95.59999847,109.8399963,0,0,301.1099854,301.1099854,1009.453448,1009.453448,nan,nan,88.45063037,39.93000031,33.09632207
32.3669,-64.6772,27,203.6006944,9,1,0.136586562,0.132747948,0.089700446,0.02233283,0.040307019,0.656729654,0.163506791,0.295102376,0.660441851,0.164431021,0.296770457,60.75,28.93000031,94.38999939,107.2999954,0,0,301.1900024,301.1900024,1009.453448,1009.453448,nan,nan,106.6516058,34.36000061,33.44195202
32.3669,-64.6772,27,215.6180556,9,1,0.162804559,0.164885476,0.109426826,0.022210786,0.044656329,0.67213613,0.13642607,0.274294094,0.670422304,0.136078208,0.273594693,34.38999939,25.71999931,97.06999969,119.5999985,0,0,301.3699951,301.3699951,1009.453448,1009.453448,nan,nan,101.6419829,52.2899971,43.77762575
32.3669,-64.6772,27,217.6076389,9,1,0.192989171,0.195010424,0.131094337,0.025557341,0.052464232,0.679283382,0.132428887,0.271850652,0.677863475,0.132152071,0.271282402,50.04999924,28.30999947,95.59999847,116.5299988,0,0,301.5700073,301.5700073,1009.453448,1009.453448,nan,nan,120.3952034,45.31999969,44.70342994
32.3669,-64.6772,27,228.5972222,9,1,0.136040747,0.130994022,0.081809297,0.016306613,0.033255886,0.601358776,0.11986565,0.244455334,0.605853867,0.120761633,0.246282611,64.88999939,33.45999908,93.66999817,116.5699997,0,0,302.6399841,302.6399841,1009.453448,1009.453448,nan,nan,166.1479977,43.62999725,46.73438761
32.3669,-64.6772,27,240.6145833,9,1,0.208781779,0.198105335,0.145116523,0.031991649,0.061354861,0.69506316,0.153230084,0.293870763,0.702245283,0.154813418,0.296907345,42.89999771,31.42000008,96.81999969,130.7599945,0,0,301.7799988,301.7799988,1009.453448,1009.453448,nan,nan,129.9592013,40.98999786,51.2268771
32.3669,-64.6772,27,249.6076389,9,1,0.180251092,0.165292651,0.114146262,0.017854272,0.040459603,0.63326253,0.099052224,0.224462458,0.643950392,0.100723974,0.228250814,50.04999924,34.46999741,95.70999908,133.3899994,0,0,302.6099854,302.6099854,1009.453448,1009.453448,nan,nan,145.9405227,57.7899971,52.6801362
32.3669,-64.6772,27,254.6215278,9,1,0.178526536,0.188560039,0.129524633,0.03215215,0.059161551,0.725520343,0.180097316,0.331387998,0.717455888,0.17809546,0.327704486,24.17000008,33.16999817,97.81999969,142.7299957,0,0,301.4899902,301.4899902,1009.453448,1009.453448,nan,nan,80.43875526,38.39999771,35.11444783
32.3669,-64.6772,27,263.6180556,9,1,0.186063379,0.184939668,0.133176357,0.031540446,0.058754087,0.715758025,0.169514529,0.315774586,0.71662362,0.16971953,0.316156465,34.39999771,36.54000092,98.02999878,144.6399994,0,0,300.2799988,300.2799988,1009.453448,1009.453448,nan,nan,81.11413621,37.84999847,33.01885782
32.3669,-64.6772,27,270.6215278,9,1,0.194100753,0.197019532,0.1382958,0.03384826,0.06309665,0.712494917,0.174384999,0.32507164,0.710358521,0.173862111,0.324096922,24.17000008,37.98999786,97.81999969,149.8499908,0,0,299.0899963,299.0899963,1009.453448,1009.453448,nan,nan,80.50584814,38.43999863,34.04147437
32.3669,-64.6772,27,272.6145833,9,1,0.164215922,0.171761558,0.110843241,0.022857616,0.045517597,0.674984737,0.139192445,0.277181388,0.668838185,0.137924929,0.274657316,42.90999985,39.96999741,96.94999695,146.2899933,0,0,299.1000061,299.1000061,1009.453448,1009.453448,nan,nan,102.6729382,45.14999771,38.45193139
32.3669,-64.6772,27,277.625,9,1,0.213441744,0.208099335,0.146578252,0.030444875,0.059880741,0.686736574,0.142637868,0.280548405,0.690191649,0.143355501,0.281959886,12.34000015,39.64999771,101.8199997,154.6600037,0,0,299.4199829,299.4199829,1009.453448,1009.453448,nan,nan,97.15175017,48.77000046,41.83204564
32.3669,-64.6772,27,281.6076389,9,1,0.145095453,0.131094024,0.10257455,0.023752939,0.044963453,0.706945309,0.163705606,0.309888781,0.72085758,0.166927237,0.315987212,49.95000076,43.43000031,95.95999908,147.5999908,0,0,299.1900024,299.1900024,1009.453448,1009.453448,nan,nan,82.45317349,31.96999931,28.13034635
32.3669,-64.6772,27,293.625,9,1,0.127983689,0.130238384,0.091115862,0.023051094,0.041643925,0.711933392,0.180109625,0.325384627,0.709433767,0.179477253,0.324242189,12.40999985,44.97999954,98.84999847,158.9899902,0,0,298.8999939,298.8999939,1009.453448,1009.453448,nan,nan,80.24727662,36.86000061,32.9200099
32.3669,-64.6772,27,296.6458333,9,1,0.152345493,0.144888505,0.094565854,0.014435962,0.034188602,0.620732858,0.09475805,0.224414923,0.626869645,0.095694862,0.226633569,42.84000015,44.25999832,-77.11999512,169.9100037,0,0,298.4799805,298.4799805,1009.453448,1009.453448,nan,nan,136.925253,60.65999985,49.60919515
32.3669,-64.6772,27,302.6215278,9,1,0.100512654,0.088111684,0.074035399,0.020390447,0.033783466,0.736577894,0.20286448,0.336111568,0.75521311,0.207996895,0.344615097,24.09000015,48.31999969,99.59999847,158.7200012,0,0,298.8599854,298.8599854,1009.453448,1009.453448,nan,nan,87.1793202,32.21999741,33.54041957
32.3669,-64.6772,27,309.625,9,1,0.106630541,0.102929078,0.076445974,0.020703156,0.036130946,0.716923814,0.194157839,0.338842377,0.721935923,0.195515222,0.341211269,12.31999969,50,100.5400009,161.5099945,0,0,297.7200012,297.7200012,1009.453448,1009.453448,nan,nan,52.3442303,35.13000107,20.29400287
32.3669,-64.6772,27,311.6180556,9,1,0.130706951,0.137932017,0.095234126,0.027266415,0.046730679,0.728607968,0.208607229,0.35752252,0.720641017,0.206326217,0.353613196,34.29999924,51.46999741,96.90000153,158.0899963,0,0,297.4899902,297.4899902,1009.453448,1009.453448,nan,nan,73.25599404,30.30999947,26.01567102
32.3669,-64.6772,27,313.6076389,9,1,0.115824856,0.120769046,0.084422596,0.022523943,0.040064268,0.728881509,0.194465541,0.345903886,0.722711464,0.192819374,0.34297578,49.95000076,53.04999924,95.58999634,154.8300018,0,0,297.4700012,297.4700012,1009.453448,1009.453448,nan,nan,71.47647938,27.97999954,22.21370081
32.3669,-64.6772,27,325.625,9,1,0.136987805,0.147807762,0.102021322,0.02742821,0.04771949,0.744747472,0.200223733,0.348348451,0.73316568,0.197109994,0.34293118,12.23999977,54.21999741,101.8299942,162.3399963,0,0,296.5299988,296.5299988,1009.453448,1009.453448,nan,nan,58.90156013,32.04999924,21.54714015
32.3669,-64.6772,27,334.6215278,9,1,0.075410888,0.073498316,0.056745503,0.019700578,0.030489065,0.752484222,0.261243146,0.404305874,0.756320584,0.262575032,0.406367131,23.98999977,56.48999786,97.59999847,160.519989,0,0,296.0700073,296.0700073,1009.453448,1009.453448,nan,nan,56.02161359,21.76000023,19.27874458
32.3669,-64.6772,27,345.6076389,9,1,0.122531056,0.112458579,0.09354531,0.028016092,0.046603002,0.763441636,0.228644828,0.380336244,0.776202951,0.232466742,0.386693757,49.95000076,59.6099968,95.70999908,155.1799927,0,0,295.4799805,295.4799805,1009.453448,1009.453448,nan,nan,68.37942508,19.51000023,19.36628537
32.3669,-64.6772,27,357.625,9,1,0.12367624,0.091896564,0.093839675,0.02631668,0.045007341,0.75875265,0.212786869,0.363912587,0.799858772,0.224314793,0.383627886,12.32999992,58.52999878,101.3699951,160.0299988,0,0,294.9899902,294.9899902,1009.453448,1009.453448,nan,nan,72.59068674,23.65999985,24.69803143
32.3669,-64.6772,27,366.6215278,9,1,0.117104031,0.126105189,0.092934504,0.0360808,0.053626277,0.793606363,0.30810895,0.457937068,0.781591022,0.303444125,0.451003819,23.98999977,58.95999908,97.59999847,157.1999969,0,0,294.269989,294.269989,1009.453448,1009.453448,nan,nan,36.6542362,16.36999893,12.08154766
7.1,-73.2,1127,190.625,9,1,0.290983826,0.305386603,0.205826074,0.044753246,0.088556632,0.707345411,0.153799772,0.30433524,0.700411778,0.152292176,0.301352046,45.30999756,31.21999931,97.79999542,57.68999863,0,0,293.8699951,293.8699951,864.2709619,864.2709619,nan,nan,95.73198392,45.07999802,36.94407651
10.6167,-61.35,19,11.60416667,9,1,0.161575705,0.175544784,0.116384022,0.027136819,0.050203335,0.720306447,0.167951113,0.310710911,0.70806328,0.16509642,0.305429707,21.12999916,40.75,98.61999512,142.8300018,0,0,300.25,300.25,1010.577151,1010.577151,nan,nan,67.60182253,40.77000046,28.26044699
10.6167,-61.35,19,12.63541667,9,1,0.240314022,0.239296839,0.161485657,0.031020697,0.064519785,0.671977673,0.129084008,0.268481152,0.672547014,0.129193376,0.268708626,57.98999786,35.29999924,-80.11999512,156.1900024,0,0,300.1300049,300.1300049,1010.577151,1010.577151,nan,nan,100.7249913,40.25,32.36834326
10.6167,-61.35,19,18.60763889,9,1,0.254525542,0.266723543,0.174764961,0.033506822,0.069418214,0.686630345,0.131644241,0.272735749,0.680111549,0.130394424,0.270146424,6.519999981,39.21999741,100.4000015,142.6399994,0,0,300.0099792,300.0099792,1010.577151,1010.577151,nan,nan,92.7684979,53.27000046,40.38166859
10.6167,-61.35,19,23.62152778,9,1,0.224929333,0.229091451,0.160636038,0.035316166,0.06883689,0.714162247,0.157010049,0.306037854,0.711529004,0.156431125,0.304909438,34.54000092,35.93999863,-81.45999908,146.7799988,0,0,300.2799988,300.2799988,1010.577151,1010.577151,nan,nan,69.49694368,40.68000031,28.37631363
10.6167,-61.35,19,39.62152778,9,1,0.226265982,0.233274058,0.156580955,0.032712359,0.065220632,0.692021636,0.1445748,0.288247624,0.687761266,0.143684738,0.286473054,35.20000076,32.68999863,-81.43000031,141.3199921,0,0,300.0700073,300.0700073,1010.577151,1010.577151,nan,nan,80.90663496,46.36000061,33.5436738
10.6167,-61.35,19,41.61458333,9,1,0.228930309,0.247344792,0.171894267,0.04775345,0.08332336,0.750858493,0.208593828,0.36396823,0.738970372,0.205291223,0.358205628,9.649999619,34.20000076,-80.76999664,136.5399933,0,0,299.9499817,299.9499817,1010.577151,1010.577151,nan,nan,67.3640988,33.31999969,30.29744573
10.6167,-61.35,19,50.60763889,9,1,0.195435569,0.214941353,0.133009732,0.027212875,0.055862758,0.680580985,0.139242182,0.285837213,0.667261547,0.136517117,0.280243182,4.699999809,33.09000015,99.05999756,130.8300018,0,0,299.75,299.75,1010.577151,1010.577151,nan,nan,89.04927713,54.19999695,40.5330219
10.6167,-61.35,19,62.625,9,1,0.234050199,0.250572145,0.166357711,0.04223413,0.076546431,0.710777908,0.180449025,0.327051337,0.700882642,0.17793686,0.322498213,45.20000076,25.26999855,-80.59999847,133.0099945,0,0,300.1000061,300.1000061,1010.577151,1010.577151,nan,nan,70.27529861,36.27999878,27.83184325
10.6167,-61.35,19,66.60763889,9,1,0.265337229,0.295625567,0.199750915,0.05531415,0.097122647,0.75281903,0.208467353,0.366034753,0.736015739,0.203814259,0.357864677,4.799999714,28.92000008,100.1500015,122.3199997,0,0,299.9400024,299.9400024,1010.577151,1010.577151,nan,nan,56.87872767,34.73999786,26.50465103
10.6167,-61.35,19,71.62152778,9,1,0.20545049,0.232921496,0.146228775,0.033682466,0.064872235,0.711747026,0.16394444,0.315756049,0.69320908,0.159674393,0.307531964,35.47999954,23.78999901,-81.25,125,0,0,300.0799866,300.0799866,1010.577151,1010.577151,nan,nan,73.27041414,43.11999893,31.57008046
10.6167,-61.35,19,295.6215278,9,1,0.26031208,0.260602921,0.17694597,0.03455437,0.070759542,0.679745516,0.13274209,0.271825811,0.679593657,0.132712435,0.271765083,33.96999741,25.26000023,-81.16999817,148.4400024,0,0,302.6000061,302.6000061,1010.577151,1010.577151,nan,nan,87.76747442,52.61000061,37.96957222
10.6167,-61.35,19,343.6215278,9,1,0.227356866,0.234890819,0.153994471,0.03053706,0.063475445,0.677324919,0.134313338,0.279188599,0.672865553,0.133429047,0.27735048,33.96999741,36.54999924,-80.51999664,156.1999969,0,0,301,301,1010.577151,1010.577151,nan,nan,84.6032345,49.16999817,34.52349075
30.4839,-81.7011,19,215.6875,9,1,0.293036163,0.291070014,0.197435871,0.037263092,0.076669037,0.673759405,0.127162093,0.261636777,0.674664748,0.127332963,0.261988344,28.18000031,19.19999886,-79.70999908,128.9400024,0,0,305.9499817,305.9499817,1010.577151,1010.577151,nan,nan,108.937508,57.2899971,49.66671452
30.4839,-81.7011,19,238.6909722,9,1,0.243834019,0.240182206,0.161256746,0.028716525,0.061263643,0.661338177,0.11777079,0.251251419,0.663325053,0.118124612,0.25200626,37.73999786,23.39999962,-78.50999451,146.2700043,0,0,306.9799805,306.9799805,1010.577151,1010.577151,nan,nan,111.6001866,58.34000015,47.40544682
30.4839,-81.7011,19,256.6805556,9,1,0.120153822,0.067579694,0.07774026,0.022427283,0.034843203,0.647006131,0.186654763,0.289988301,0.70905665,0.204555714,0.317799358,16.80999947,29.98999977,-81.22999573,149.9100037,0,0,302.4899902,302.4899902,1010.577151,1010.577151,nan,nan,113.443205,41.29999924,51.58332059
30.4839,-81.7011,19,302.6909722,9,1,0.161824405,0.170867592,0.111586474,0.029261416,0.05049637,0.689552814,0.18082202,0.312044216,0.681931181,0.178823393,0.308595188,37.81999969,44.64999771,-78.51999664,168.2799988,0,0,302.1000061,302.1000061,1010.577151,1010.577151,nan,nan,94.87911223,36.77000046,35.51435931
27.7053,-82.4006,16,214.65625,9,1,0.297255516,0.314959198,0.20199585,0.037407246,0.079827577,0.679536085,0.125842057,0.268548681,0.671537122,0.124360743,0.265387538,49.43000031,26.55999947,96.13999939,106.1999969,0,0,305.6799927,305.6799927,1010.9988,1010.9988,nan,nan,109.3343691,48.0399971,41.17193946
33.3558,-84.5672,259,156.6979167,9,1,0.187947497,0.170256287,0.12909624,0.032760393,0.059175581,0.686873952,0.174306088,0.314851657,0.700052934,0.177650481,0.320892684,33.65999985,15.17000008,-77.91999817,132.3999939,0,0,304.1499939,304.1499939,977.3028453,977.3028453,nan,nan,76.34628174,42.14999771,34.1207136
33.3558,-84.5672,259,264.7152778,9,1,0.187883347,0.195800453,0.1439946,0.046540882,0.074890807,0.76640427,0.247711588,0.398602688,0.759999238,0.245641401,0.395271466,59.65999985,32.93000031,-74.79000092,171.4400024,0,0,294.6099854,294.6099854,977.3028453,977.3028453,nan,nan,42.98305452,19.47999954,13.55459292
33.3558,-84.5672,259,265.6770833,9,1,0.229766607,0.260161966,0.202784583,0.101492249,0.13537173,0.882567686,0.44171888,0.589170599,0.859818945,0.430333296,0.573984354,24.44999886,37.21999741,98.50999451,148.7099915,0,0,292.3999939,292.3999939,977.3028453,977.3028453,nan,nan,17.26486262,9.840000153,7.33336343
33.3558,-84.5672,259,280.7152778,9,1,0.174291089,0.180063814,0.119370371,0.023634408,0.046800371,0.684890844,0.135603075,0.26851844,0.680383822,0.13471072,0.266751416,59.64999771,38.96999741,-74.58000183,174.7200012,0,0,298.2799988,298.2799988,977.3028453,977.3028453,nan,nan,96.26703226,38.47999954,29.48173073
30.3369,-89.825,16,366.6909722,9,1,0.136132091,0.166119963,0.098083951,0.022091892,0.042266503,0.720505721,0.162282761,0.310481552,0.690101888,0.155434768,0.297379881,23.61999893,57.18999863,98.86999512,156.4100037,0,0,296.0799866,296.0799866,1010.9988,1010.9988,nan,nan,108.81629,39.27999878,37.05078251
32.4511,-93.8414,88,115.7048611,9,1,0.261432886,0.296291053,0.203961372,0.067799471,0.107449301,0.780167237,0.25933796,0.41100147,0.759902899,0.252601824,0.400325974,22.35000038,26.26999855,99.86000061,132.7099915,0,0,297.2900085,297.2900085,1000.918391,1000.918391,nan,nan,38.96737283,26.68999863,17.741467
32.4511,-93.8414,88,234.7083333,9,1,0.283320636,0.31923756,0.209717467,0.05672523,0.099970825,0.74021247,0.200215667,0.352854019,0.721909002,0.195264871,0.344128886,11.05999947,27.18999863,101.7799988,135.0699921,0,0,305.9799805,305.9799805,1000.918391,1000.918391,nan,nan,55.51510219,37.73999786,25.90342754
32.4511,-93.8414,88,236.6979167,9,1,0.272444338,0.320440233,0.199825585,0.048601385,0.089889795,0.733454718,0.178390146,0.329938201,0.708492034,0.172318746,0.318708956,33.27000046,29.51999855,98.47999573,131.25,0,0,306.1900024,306.1900024,1000.918391,1000.918391,nan,nan,66.50395229,39.46999741,28.35724245
32.4511,-93.8414,88,259.7048611,9,1,0.225884855,0.258551896,0.152665705,0.028700467,0.060653538,0.67585631,0.127057953,0.268515291,0.656857609,0.123486282,0.260967175,22.97999954,34.61999893,98.59999847,145.5099945,0,0,303.1099854,303.1099854,1000.918391,1000.918391,nan,nan,95.97362203,57.70999908,41.70304424
32.4511,-93.8414,88,264.7152778,9,1,0.223293349,0.248062819,0.168373615,0.0478913,0.081908278,0.754046707,0.214477056,0.366819158,0.737680825,0.209822031,0.358857689,14.17000008,34.27000046,-81.11000061,155.0500031,0,0,300.1099854,300.1099854,1000.918391,1000.918391,nan,nan,48.85112753,32.88999939,21.79434532
32.4511,-93.8414,88,280.7152778,9,1,0.177975014,0.212843105,0.1477824,0.059182584,0.087193213,0.830354762,0.332533107,0.489918284,0.799045652,0.319994712,0.471445571,14.15999985,39.73999786,-80,160.4100037,0,0,298.8800049,298.8800049,1000.918391,1000.918391,nan,nan,30.67736805,17.27000046,13.15606313
32.4511,-93.8414,88,281.6770833,9,1,0.242487982,0.263834417,0.186897203,0.056833871,0.093660288,0.770748314,0.234378093,0.386247132,0.757413162,0.230322985,0.379564452,64.40000153,45.65999985,93.94999695,142.1900024,0,0,298.5099792,298.5099792,1000.918391,1000.918391,nan,nan,52.8993316,19.25,14.12477457
32.4511,-93.8414,88,281.7465278,9,1,0.184750632,0.196646407,0.140586212,0.042705514,0.072083965,0.760951187,0.231152192,0.390168977,0.751276506,0.228213339,0.385208396,64.56999969,38.36999893,-73.18000031,177.2599945,0,0,303.7299805,303.7299805,1000.918391,1000.918391,nan,nan,50.9094609,18.1099987,14.12477457
37.2039,-80.4142,649,215.6840278,9,1,0.257072687,0.276564509,0.184386745,0.042135093,0.08085461,0.717255291,0.163903423,0.31452042,0.70654099,0.161455047,0.30982214,22.26999855,23.56999969,-78.79000092,142.6600037,0,0,298.6199951,298.6199951,925.1254333,925.1254333,nan,nan,67.55252338,48.14999771,31.10689207
37.2039,-80.4142,649,264.6458333,9,1,0.272772312,0.279462993,0.240731165,0.125792071,0.164598465,0.882535192,0.461161436,0.603428052,0.878226883,0.458910165,0.600482273,59.27999878,43.27999878,94.37999725,141.4599915,0,0,285.8599854,285.8599854,925.1254333,925.1254333,nan,nan,18.78531248,6.259999752,5.639284247
37.2039,-80.4142,649,265.6770833,9,1,0.214698792,0.231843635,0.193555623,0.10856998,0.138476685,0.901521718,0.505685099,0.644981202,0.887349795,0.497735729,0.634842097,0.669999957,39.20000076,107.8499985,156.7399902,0,0,287.4599915,287.4599915,925.1254333,925.1254333,nan,nan,13.25399617,7.46999979,5.786549762
37.9333,-75.4833,28,216.6458333,9,1,0.363019407,0.353294522,0.244231612,0.046222653,0.097008213,0.672778389,0.127328326,0.267225971,0.676402402,0.128014197,0.26866542,40.97999954,29.26999855,97.02999878,128.3899994,0,0,299.019989,299.019989,1009.313056,1009.313056,nan,nan,101.1097046,50.59000015,40.91899507
37.9333,-75.4833,28,238.6875,9,1,0.245573223,0.238779604,0.159574524,0.028816616,0.061404109,0.64980425,0.117344293,0.250043992,0.653419532,0.117997156,0.251435149,52.97999954,28.26999855,-74.55999756,164.6900024,0,0,299.1999817,299.1999817,1009.313056,1009.313056,nan,nan,118.9790328,50.0399971,42.54876043
38.9767,-77.4858,93,263.6840278,9,1,0.226888433,0.242974892,0.200771317,0.105689161,0.138317451,0.88489005,0.465819959,0.6096276,0.872517696,0.459306958,0.60110391,36.02999878,38.70000076,-75.98999786,165.8600006,0,0,289.8099976,289.8099976,1000.221392,1000.221392,nan,nan,16.54321194,7.799999714,6.570286797
32.3189,-90.08,101,216.7152778,10,1,0.1828468,0.185703024,0.121208981,0.02600017,0.051260311,0.66289911,0.142196473,0.280345685,0.660834549,0.14175361,0.279472564,39.36999893,19.25,-77.94999695,138.3899994,0,0,305.1000061,305.1000061,999.1070101,999.1070101,nan,nan,78.07890894,50.61999893,33.18590744
32.3189,-90.08,101,280.7152778,10,1,0.197437227,0.231395125,0.158276424,0.055657145,0.087220706,0.801654411,0.281897925,0.441764238,0.774995587,0.272523478,0.427073475,39.36000061,38.70000076,-77.23999786,166.0500031,0,0,299.3299866,299.3299866,999.1070101,999.1070101,nan,nan,35.35373833,19.96999931,13.73115363
32.3189,-90.08,101,301.7291667,10,1,0.179260358,0.204581663,0.11795821,0.021562044,0.046524201,0.658027305,0.12028339,0.259534239,0.639948212,0.116978642,0.252403617,58.31999969,45.52000046,-74.97999573,175.7399902,0,0,299.7299805,299.7299805,999.1070101,999.1070101,nan,nan,93.70230925,47.70999908,28.12739667
32.3189,-90.08,101,312.7152778,10,1,0.173570424,0.204568505,0.119578697,0.023785379,0.048653923,0.68893475,0.137035897,0.280312289,0.665175891,0.132310026,0.270645336,39.45999908,49.41999817,-77.93999481,170.2899933,0,0,295.3599854,295.3599854,999.1070101,999.1070101,nan,nan,90.76009886,48.88999939,32.04263488
34.835,-92.2594,170,234.7083333,10,1,0.135209099,0.159515455,0.09844739,0.027861983,0.048200123,0.728112168,0.206065885,0.356485795,0.702842364,0.198914179,0.344113627,3.460000038,28.17000008,98.16999817,140.5599976,0,0,303.9799805,303.9799805,989.5370745,989.5370745,nan,nan,52.93868184,39.02000046,24.7818136
34.835,-92.2594,170,236.6979167,10,1,0.243924871,0.303592324,0.179135352,0.045029786,0.083146013,0.734387402,0.184605142,0.340867304,0.700134837,0.175994973,0.324968911,26.65999985,30.32999992,97.77999878,136.4199982,0,0,306.539978,306.539978,989.5370745,989.5370745,nan,nan,60.24699223,40.36999893,26.45271838
34.835,-92.2594,170,259.7013889,10,1,0.218257323,0.259328902,0.154359445,0.034116786,0.066799589,0.707236041,0.156314508,0.306058865,0.681583998,0.15064485,0.294957854,15.5899992,36,99.86000061,149.5,0,0,300.1799927,300.1799927,989.5370745,989.5370745,nan,nan,77.37693993,48.02000046,34.02285276
34.835,-92.2594,170,263.6840278,10,1,0.239657044,0.271648943,0.193898708,0.072206385,0.109260961,0.809067424,0.301290478,0.455905486,0.788028584,0.293455776,0.444050204,50.96999741,40.04000092,95.5799942,142.3199921,0,0,294.4499817,294.4499817,989.5370745,989.5370745,nan,nan,33.2119779,16.18000031,11.4755081
34.835,-92.2594,170,264.7152778,10,1,0.189425975,0.235058382,0.150244191,0.050592136,0.081325799,0.793155169,0.2670813,0.4293276,0.756697721,0.254804884,0.409593518,20.53999901,36.00999832,-78.68999481,158.6900024,0,0,298.5499878,298.5499878,989.5370745,989.5370745,nan,nan,39.02217766,24.93999863,16.93587778
34.835,-92.2594,170,280.7152778,10,1,0.174325854,0.216076568,0.1466102,0.06287124,0.089530446,0.841012376,0.360653562,0.513580997,0.802569595,0.344168043,0.490105144,20.63999939,41.62999725,-80.22000122,163.3600006,0,0,298.0499878,298.0499878,989.5370745,989.5370745,nan,nan,28.75418815,15.22999954,11.94869894
34.835,-92.2594,170,312.7152778,10,1,0.134501696,0.178942815,0.097271018,0.023143422,0.043677721,0.723195476,0.172067882,0.324737328,0.678367197,0.161402015,0.304608032,20.71999931,52.25999832,-79.43999481,167.8600006,0,0,296.7599792,296.7599792,989.5370745,989.5370745,nan,nan,79.82053289,42.39999771,29.53114225
35.2331,-101.7092,1102,112.75,10,1,0.206637025,0.264273644,0.166431695,0.063712701,0.095796943,0.805430175,0.308331487,0.463600087,0.762873019,0.292039931,0.439104479,38.39999771,25.01999855,-77.23999786,154.3799896,0,0,297.25,297.25,867.3712734,867.3712734,nan,nan,40.32091254,22.85000038,16.94464494
35.2331,-101.7092,1102,145.7118056,10,1,0.272743672,0.340727329,0.223307192,0.087176792,0.130110815,0.818743807,0.319629019,0.477044304,0.779866165,0.304451594,0.454392093,51.88999939,25.57999992,95.08999634,117.5099945,0,0,309.9799805,309.9799805,867.3712734,867.3712734,nan,nan,40.36867561,18.26000023,14.79270339
35.2331,-101.7092,1102,173.7291667,10,1,0.288270265,0.352968454,0.23106131,0.080508612,0.125252962,0.801544029,0.279281709,0.434498377,0.767110601,0.267284081,0.415832816,17.60000038,20.5,100.5400009,119.909996,0,0,315.9199829,315.9199829,867.3712734,867.3712734,nan,nan,42.08910211,28.5,19.88413845
35.2331,-101.7092,1102,174.7569444,10,1,0.224536896,0.292200893,0.167113796,0.046507798,0.081900813,0.744259848,0.207127644,0.364754364,0.701953248,0.19535371,0.34402032,51.71999741,14.0199995,-75.22999573,145.0899963,0,0,319.7599792,319.7599792,867.3712734,867.3712734,nan,nan,65.17433892,34.38999939,24.6415588
35.2331,-101.7092,1102,242.7395833,10,1,0.208201051,0.283320099,0.153612047,0.040750489,0.072902747,0.737806302,0.195726623,0.350155517,0.688149371,0.182553541,0.326588832,18.34000015,29.34999847,-78.54000092,149.8799896,0,0,311.4100037,311.4100037,867.3712734,867.3712734,nan,nan,66.41220994,46.07999802,30.17677611
35.2331,-101.7092,1102,280.7152778,10,1,0.21818535,0.256009907,0.188642129,0.092902757,0.123818986,0.864595763,0.425797411,0.567494499,0.835623082,0.411528902,0.548477708,45.45000076,45.02000046,96.8299942,150.5999908,0,0,308.4499817,308.4499817,867.3712734,867.3712734,nan,nan,24.39218755,11.34000015,8.588313381
35.2331,-101.7092,1102,282.7083333,10,1,0.226241365,0.267280042,0.183195531,0.068767004,0.103769735,0.80973491,0.303954158,0.458668265,0.781387222,0.293313148,0.44261093,57.2899971,46.93999863,94.84999847,147.3699951,0,0,308.5099792,308.5099792,867.3712734,867.3712734,nan,nan,38.57148983,17.51000023,11.63488011
35.23,-111.8217,2182,301.7951389,10,1,0.117051363,0.139751524,0.107058168,0.071976461,0.085159421,0.914625552,0.614913476,0.72753891,0.880474867,0.591953571,0.700373747,63.09000015,48.36000061,-72.38999939,179.4899902,0,0,290.4299927,290.4299927,741.3671362,741.3671362,nan,nan,8.481001944,4.019999981,2.283207562
35.23,-111.8217,2182,302.7569444,10,1,0.108852521,0.143516034,0.096942261,0.055616535,0.070197627,0.89058352,0.510934748,0.644887473,0.837259351,0.480342255,0.606274488,12.31999969,50.47999954,98.27999878,162.1199951,0,0,299.3099976,299.3099976,741.3671362,741.3671362,nan,nan,16.88788346,10.34000015,6.507754572
46.7717,-100.7594,507,199.7534722,10,1,0.217780635,0.252138853,0.155217201,0.037303899,0.069925271,0.712722693,0.171291164,0.321081216,0.690921995,0.166051726,0.311260013,25.94999886,27.27999878,-74.72000122,157.0299988,0,0,310.2200012,310.2200012,943.8557994,943.8557994,nan,nan,66.32772056,46.20999908,29.64671797
43.8667,-66.1,51,23.61458333,8,1,0.158694476,0.115151815,0.133186683,0.064724416,0.086635098,0.839264772,0.407855504,0.545923841,0.887994433,0.431536542,0.577621447,51.40999985,67.95999908,95.11000061,152.6199951,0,0,274.3099976,274.3099976,1006.088399,1006.088399,nan,nan,19.41989464,5.319999695,4.550023239
43.8667,-66.1,51,78.62152778,8,1,0.155445889,0.187985316,0.145307705,0.08583802,0.107293688,0.934779981,0.552205147,0.690231751,0.897217157,0.530015557,0.662495755,45.27999878,49.46999741,95.90000153,147.2799988,0,0,277.4599915,277.4599915,1006.088399,1006.088399,nan,nan,10.41697394,4.929999828,3.519246247
43.8667,-66.1,51,98.60416667,8,1,0.187205494,0.210771605,0.167167544,0.085327074,0.113572568,0.892962815,0.455793643,0.606673264,0.87103305,0.444600067,0.591774321,63.95999908,44.59999847,92.34999847,136.8099976,0,0,279.269989,279.269989,1006.088399,1006.088399,nan,nan,18.91377567,5.599999905,5.136326096
43.8667,-66.1,51,103.6145833,8,1,0.193449289,0.224797308,0.173401535,0.089597277,0.118446998,0.896366877,0.463156406,0.612289656,0.868228,0.448616934,0.593068571,51.30999756,40.64999771,95.48999786,141.8600006,0,0,280.3599854,280.3599854,1006.088399,1006.088399,nan,nan,16.21308208,6.989999771,5.556676495
43.8667,-66.1,51,105.6076389,8,1,0.200137556,0.233390763,0.17002365,0.073737972,0.105142094,0.849533959,0.368436455,0.525349147,0.822211578,0.356586945,0.508453073,60.43999863,41.40999985,93.0799942,137.4100037,0,0,282.6600037,282.6600037,1006.088399,1006.088399,nan,nan,35.1113172,9.760000229,10.4486701
43.8667,-66.1,51,110.6180556,8,1,0.202648446,0.241592243,0.184675917,0.099582821,0.128414691,0.911311785,0.491406784,0.633682089,0.877582064,0.473218701,0.610228074,45.68000031,37.57999802,96.84999847,142.7799988,0,0,280.3099976,280.3099976,1006.088399,1006.088399,nan,nan,12.75139622,6.739999771,4.734792872
43.8667,-66.1,51,112.6111111,8,1,0.20697178,0.247904912,0.193108797,0.118896686,0.146808699,0.933019939,0.57445844,0.709317469,0.897519185,0.552600699,0.682328437,56.34999847,38.36999893,94.13999939,138.0699921,0,0,280.7599792,280.7599792,1006.088399,1006.088399,nan,nan,11.50108357,3.869999886,3.733937412
43.8667,-66.1,51,114.6041667,8,1,0.19744581,0.226802766,0.17745097,0.094626181,0.12288674,0.898732518,0.4792514,0.62238211,0.872778933,0.465411585,0.604408968,64.08000183,39.29000092,92.09999847,133.5599976,0,0,277.8099976,277.8099976,1006.088399,1006.088399,nan,nan,15.71334573,5.299999714,4.38945342
43.8667,-66.1,51,121.6076389,8,1,0.201582387,0.226505369,0.173898697,0.080729701,0.111569747,0.86266811,0.400479932,0.55346972,0.841851365,0.390816089,0.540114134,60.55999756,36.48999786,93.25999451,133.9799957,0,0,281.9799805,281.9799805,1006.088399,1006.088399,nan,nan,25.61058958,8.399999619,7.811963306
43.8667,-66.1,51,142.6180556,8,1,0.230337188,0.245510012,0.193283647,0.080898471,0.115441106,0.839133487,0.351217587,0.501183103,0.828222119,0.346650657,0.49466615,45.96999741,29.57999992,96.54000092,135.7099915,0,0,285.8500061,285.8500061,1006.088399,1006.088399,nan,nan,35.09394965,13.36999989,13.55689792
43.8667,-66.1,51,144.6111111,8,1,0.239262015,0.26254952,0.20206742,0.085236616,0.122246392,0.844544506,0.356248009,0.510931049,0.828418421,0.349445661,0.501175118,56.45999908,30.89999962,94.54999542,130.5,0,0,286.6399841,286.6399841,1006.088399,1006.088399,nan,nan,49.94211173,11.35999966,16.78554118
43.8667,-66.1,51,146.6041667,8,1,0.235091344,0.25114581,0.197762653,0.085835189,0.121834062,0.841216228,0.365114203,0.518241379,0.829881649,0.360194641,0.511258575,64.19999695,32.38999939,91.95999908,125.659996,0,0,286.7900085,286.7900085,1006.088399,1006.088399,nan,nan,35.56624134,9.260000229,10.21468813
43.8667,-66.1,51,153.6076389,8,1,0.258364886,0.265201867,0.228327557,0.114775509,0.152758464,0.88374067,0.444238032,0.591250872,0.879088096,0.441899281,0.588138151,60.65999985,30.80999947,93.11999512,126.159996,0,0,283.6499939,283.6499939,1006.088399,1006.088399,nan,nan,22.86657018,6.509999752,7.134270129
43.8667,-66.1,51,160.6111111,8,1,0.290543914,0.282796562,0.232196659,0.083139859,0.127399996,0.799179221,0.286152472,0.438487918,0.803464095,0.287686705,0.440838912,56.55999756,29.51999855,93.86999512,126.9699936,0,0,287.7200012,287.7200012,1006.088399,1006.088399,nan,nan,39.14573914,15.69999981,13.20770824
43.8667,-66.1,51,192.6111111,8,1,0.31927821,0.291832984,0.220989093,0.045490798,0.090225123,0.692152129,0.14248012,0.282590919,0.704259796,0.144972493,0.28753422,56.56999969,31.03999901,94.40999603,125.7299957,0,0,296.1600037,296.1600037,1006.088399,1006.088399,nan,nan,94.44010542,36.75,31.6671235
43.8667,-66.1,51,210.6041667,8,1,0.28244701,0.273403913,0.175001949,0.024860932,0.060588207,0.619592146,0.088019808,0.214511766,0.623585207,0.088587066,0.215894222,64.31999969,35.61000061,91.70999908,125.0899963,0,0,296.1900024,296.1900024,1006.088399,1006.088399,nan,nan,141.5053062,50.25999832,39.99984581
43.8667,-66.1,51,214.6527778,8,1,0.249983773,0.245074719,0.187074944,0.050178535,0.088936172,0.748348353,0.20072717,0.355767782,0.751299078,0.201518634,0.357170569,28.26999855,27.89999962,-75.93000031,155.5599976,0,0,295.8099976,295.8099976,1006.088399,1006.088399,nan,nan,62.85406833,32.75,27.72627889
43.8667,-66.1,51,215.6145833,8,1,0.295150518,0.289827943,0.215375096,0.053291183,0.097230598,0.729712747,0.180555953,0.329427164,0.732354118,0.181209518,0.330619605,51.71999741,33.97999954,95.16999817,132.7200012,0,0,296.0599976,296.0599976,1006.088399,1006.088399,nan,nan,74.12212284,30.34000015,26.28326805
43.8667,-66.1,51,226.6041667,8,1,0.269423544,0.268733352,0.185120896,0.03831264,0.076600142,0.687099919,0.142202272,0.284311239,0.687452133,0.142275166,0.28445698,64.31999969,38.87999725,91.61000061,129.9799957,0,0,297.0400085,297.0400085,1006.088399,1006.088399,nan,nan,102.6578064,31.54999924,28.5778461
43.8667,-66.1,51,233.6076389,8,1,0.270283222,0.26769051,0.209432393,0.065005072,0.106708311,0.774862722,0.240507239,0.394801829,0.776352166,0.240969543,0.395560718,60.66999817,39.71999741,93.11999512,134.4299927,0,0,291.3999939,291.3999939,1006.088399,1006.088399,nan,nan,59.58174161,17.85000038,17.83041752
43.8667,-66.1,51,240.6111111,8,1,0.256332457,0.25421834,0.212303683,0.083076946,0.123017699,0.828235666,0.324098428,0.479914639,0.829604107,0.324633916,0.480707571,56.56999969,40.79999924,94.29999542,138.9199982,0,0,288.6000061,288.6000061,1006.088399,1006.088399,nan,nan,35.62396689,12.00999928,11.35908415
43.8667,-66.1,51,245.625,8,1,0.248409584,0.25005281,0.199307531,0.067693792,0.106596656,0.802334305,0.272508778,0.429116519,0.801274222,0.272148726,0.42854955,39.45000076,40.25,97.65000153,146.9700012,0,0,291.2399902,291.2399902,1006.088399,1006.088399,nan,nan,42.35875948,19.03999901,16.25898306
43.8667,-66.1,51,249.6076389,8,1,0.245832264,0.248780847,0.189382374,0.056547586,0.094218433,0.77037233,0.230025078,0.383263089,0.768528739,0.229474602,0.382345895,60.66999817,44.04999924,93.43000031,140.1499939,0,0,291.1999817,291.1999817,1006.088399,1006.088399,nan,nan,56.53780947,18.60000038,16.46976834
43.8667,-66.1,51,256.6111111,8,1,0.226585567,0.238767907,0.184207603,0.067150079,0.10249842,0.812971478,0.296356381,0.452360761,0.80432262,0.293203572,0.447548288,56.55999756,45.48999786,93.97000122,144.5299988,0,0,289.3899841,289.3899841,1006.088399,1006.088399,nan,nan,36.87764611,15.31999969,11.37799391
43.8667,-66.1,51,263.6145833,8,1,0.206936315,0.216592774,0.18010366,0.086116865,0.117146842,0.870333754,0.416151536,0.56610094,0.862286223,0.412303596,0.560866494,51.70999908,47.11000061,95.04999542,148.7599945,0,0,285.8299866,285.8299866,1006.088399,1006.088399,nan,nan,21.95498259,8.699999809,7.120977166
43.8667,-66.1,51,264.6458333,8,1,0.190800369,0.203104988,0.17347531,0.095192447,0.122103743,0.909197982,0.498911233,0.639955489,0.897620563,0.492558267,0.631806513,8.909999847,44.31999969,-80.65000153,163.3999939,0,0,285.7900085,285.7900085,1006.088399,1006.088399,nan,nan,17.56052467,6.670000076,7.286710988
43.8667,-66.1,51,265.6076389,8,1,0.213410169,0.2177535,0.184614778,0.084179714,0.116330363,0.865070201,0.394450343,0.545102248,0.861563288,0.392851279,0.542892455,60.66999817,48.95999908,93.22000122,145.5699921,0,0,285.9899902,285.9899902,1006.088399,1006.088399,nan,nan,23.2697021,8.239999771,6.528149649
43.8667,-66.1,51,265.6736111,8,1,0.176784292,0.191301897,0.150449917,0.067650951,0.095728137,0.851036679,0.382675127,0.541496847,0.837285035,0.376491596,0.532746963,58.1099968,43.52999878,-70.05999756,178.8799896,0,0,288.019989,288.019989,1006.088399,1006.088399,nan,nan,34.92309167,8.920000076,10.67271967
43.8667,-66.1,51,286.6180556,8,1,0.121622972,0.13819176,0.108081155,0.055731375,0.072768033,0.888657402,0.45823066,0.598308291,0.865087111,0.446076786,0.58243907,46.05999756,54.37999725,96,156.5999908,0,0,282.5599976,282.5599976,1006.088399,1006.088399,nan,nan,23.65408602,7.369999886,7.489895592
43.8667,-66.1,51,290.6041667,8,1,0.168644026,0.19428663,0.130554542,0.038255181,0.065343656,0.774142702,0.226839824,0.387464989,0.751295555,0.220145138,0.376029798,64.31999969,57.68999863,91.69999695,150.4599915,0,0,288.75,288.75,1006.088399,1006.088399,nan,nan,60.84881856,17.75,14.56221829
43.8667,-66.1,51,297.6076389,8,1,0.141418278,0.160346076,0.099107184,0.022159733,0.043054469,0.700808868,0.156696385,0.304447696,0.68253832,0.152611207,0.296510544,60.66999817,59.41999817,93,153.4799957,0,0,287.1999817,287.1999817,1006.088399,1006.088399,nan,nan,91.63327957,29.61999893,22.86759331
43.8667,-66.1,51,327.6145833,8,1,0.071686693,0.081625961,0.064654291,0.0351597,0.045372255,0.901900875,0.490463409,0.632924376,0.877566189,0.477229945,0.615847093,51.61999893,66.87999725,95.63999939,159.019989,0,0,277.7200012,277.7200012,1006.088399,1006.088399,nan,nan,16.09486965,4.380000114,3.871400674
43.8667,-66.1,51,334.6180556,8,1,0.079342514,0.086343914,0.064529255,0.025110858,0.037219595,0.81329985,0.316486789,0.469100274,0.799195217,0.310998125,0.460964914,45.96999741,67.90999603,96.50999451,160.3399963,0,0,279.5400085,279.5400085,1006.088399,1006.088399,nan,nan,41.56948634,10.55000019,10.14407449
45.8333,-66.4333,54,67.63194444,8,1,0.164625958,0.096612006,0.142564297,0.093801186,0.110542513,0.865989172,0.569783689,0.671476813,0.943989583,0.62110461,0.731957324,26.59000015,54.04999924,99.84999847,154.0299988,0,0,270.1000061,270.1000061,1005.668406,1005.668406,nan,nan,7.304893103,3.289999962,2.588895131
45.8333,-66.4333,54,171.6666667,8,1,0.263681203,0.258921772,0.194590315,0.052880693,0.092816949,0.73797568,0.20054783,0.35200442,0.740649416,0.201274429,0.353279756,44.02000046,23,-72.54000092,164.7599945,0,0,300.9899902,300.9899902,1005.668406,1005.668406,nan,nan,64.58875066,30.79999924,26.07546936
45.8333,-66.4333,54,279.6840278,8,1,0.159333706,0.15933761,0.12125279,0.039162748,0.063141875,0.760998995,0.245790728,0.396286992,0.760995266,0.245789524,0.39628505,61.72999954,51,-68.04999542,-176.1799927,0,0,288.5599976,288.5599976,1005.668406,1005.668406,nan,nan,61.78157466,18.03999901,16.69600253
45.8333,-66.4333,54,283.6666667,8,1,0.155755445,0.165086687,0.137234405,0.073552661,0.095342048,0.881088968,0.472231712,0.612126576,0.870656834,0.466640466,0.604878969,44.00999832,52.5,-72.55999756,176.4499969,0,0,281.7900085,281.7900085,1005.668406,1005.668406,nan,nan,16.29557829,6.920000076,5.372621711
45.8333,-66.4333,54,289.6388889,8,1,0.106158733,0.116286732,0.085730866,0.030705346,0.047042768,0.807572423,0.289239941,0.443136112,0.792451763,0.283824329,0.434839011,8.720000267,55.65999985,102.6899948,166.0500031,0,0,285.8800049,285.8800049,1005.668406,1005.668406,nan,nan,42.16686726,19.05999947,15.14385378
45.8333,-66.4333,54,308.6631944,8,1,0.073186614,0.085342512,0.066281974,0.03759804,0.048395414,0.905657074,0.513728374,0.661260462,0.87653939,0.497211548,0.640000347,37.64999771,61.25,-73.84999847,176.1600037,0,0,274.9799805,274.9799805,1005.668406,1005.668406,nan,nan,15.05592135,4.900000095,4.504976242
45.8333,-66.4333,54,315.6666667,8,1,0.084584974,0.105302751,0.064971082,0.019937892,0.033490852,0.76811612,0.235714343,0.395943275,0.732245676,0.224706661,0.377453022,44.11999893,63.25,-73.18999481,177.7899933,0,0,288.519989,288.519989,1005.668406,1005.668406,nan,nan,63.80089675,19.29999924,17.65030034
45.8333,-66.4333,54,320.6770833,8,1,0.090108998,0.103711084,0.08189442,0.046871621,0.059133459,0.908837317,0.520165824,0.656243662,0.88220334,0.504922078,0.637012081,58.34000015,64.56999969,-69.18999481,-177.5599976,0,0,277.5599976,277.5599976,1005.668406,1005.668406,nan,nan,15.86149836,3.789999962,3.746226443
45.8333,-66.4333,54,323.6319444,8,1,0.087517411,0.110347167,0.07944987,0.04333166,0.056397747,0.907817876,0.495120457,0.644417458,0.862803749,0.470569921,0.612464034,27.79999924,66.59999847,99.81999969,164.9499969,0,0,273.1000061,273.1000061,1005.668406,1005.668406,nan,nan,11.05020835,5.199999809,3.028755222
45.8333,-66.4333,54,326.6527778,8,1,0.079359725,0.102216266,0.068279363,0.032555636,0.044823822,0.860378021,0.410228689,0.564818257,0.813517486,0.387885562,0.534055401,21.62999916,66.26000214,-75.54999542,172.6499939,0,0,278.5099792,278.5099792,1005.668406,1005.668406,nan,nan,24.53096882,8.38999939,6.891328943
45.8333,-66.4333,54,327.6840278,8,1,0.08952111,0.098555058,0.078674212,0.043740857,0.055477291,0.878834188,0.488609417,0.619711834,0.861447732,0.47894299,0.607451737,61.72999954,66.23999786,-67.72999573,-176.5099945,0,0,277.1300049,277.1300049,1005.668406,1005.668406,nan,nan,22.91944169,4.159999847,4.989721202
33.1789,-86.7822,183,264.7152778,8,1,0.199347779,0.223236159,0.150047123,0.044926971,0.076028027,0.752690218,0.22536981,0.381383865,0.735073063,0.220094898,0.372457353,52.65999985,33.09000015,-75.23999786,167.4199982,0,0,297.0499878,297.0499878,987.7423698,987.7423698,nan,nan,49.05919691,24.89999962,17.2605784
33.1789,-86.7822,183,280.7152778,8,1,0.18854022,0.211670965,0.141446903,0.040543459,0.069815218,0.750221375,0.215038782,0.370293502,0.732254294,0.20988881,0.361425328,52.75999832,39.00999832,-75.68000031,171.2899933,0,0,299.6699829,299.6699829,987.7423698,987.7423698,nan,nan,53.7727179,25.39999962,18.29370852
34.7761,-76.8767,12,212.6631944,8,1,0.27105844,0.278991878,0.182207733,0.032112457,0.070241123,0.6722083,0.118470603,0.259136455,0.668296312,0.117781151,0.257628383,3.829999924,23.44999886,103.7099991,129.8799896,0,0,304.2799988,304.2799988,1011.561221,1011.561221,nan,nan,106.1784289,63.84000015,50.74804784
34.7761,-76.8767,12,215.6840278,8,1,0.24002032,0.235374928,0.164209202,0.035146333,0.069457583,0.684147084,0.146430658,0.289382096,0.686805594,0.146999669,0.290506598,46.56999969,19.88999939,-75.51999664,147.3799896,0,0,304.6900024,304.6900024,1011.561221,1011.561221,nan,nan,88.71153285,43.02999878,35.23024937
34.7761,-76.8767,12,258.6736111,8,1,0.202297762,0.20041351,0.136736393,0.026204504,0.054535978,0.675916489,0.129534325,0.269582703,0.67717797,0.129776079,0.270085832,20.18000031,33.91999817,-80.04000092,156.3799896,0,0,301.4299927,301.4299927,1011.561221,1011.561221,nan,nan,107.8666371,54.39999771,47.50818316
34.7761,-76.8767,12,312.6458333,8,1,0.155664712,0.177836031,0.114149496,0.027991133,0.051684585,0.733303614,0.179816815,0.332025054,0.712993293,0.174836426,0.322828951,44.46999741,54.47999954,96.44999695,157.1399994,0,0,295.9100037,295.9100037,1011.561221,1011.561221,nan,nan,78.05559732,31.9299984,24.9976312
40.5317,-80.2172,355,264.6458333,8,1,0.239008844,0.242975861,0.200585991,0.086924948,0.123351961,0.839240874,0.363689253,0.516097896,0.836464184,0.36248596,0.514390348,60.07999802,45.95000076,93.52999878,143.4799957,0,0,286.5299988,286.5299988,964.2437894,964.2437894,nan,nan,25.34587621,10.42999935,7.361336907
40.5317,-80.2172,355,264.7152778,8,1,0.188163832,0.182388336,0.154297978,0.065051474,0.093668789,0.820019322,0.345717203,0.497804428,0.825084346,0.347852599,0.500879223,62.18999863,39.80999756,-70.83000183,178.7099915,0,0,290.4400024,290.4400024,964.2437894,964.2437894,nan,nan,25.36147104,10.32999992,7.361336907
40.5317,-80.2172,355,265.6770833,8,1,0.205868363,0.205684826,0.182554036,0.095336273,0.123949885,0.886751288,0.463093366,0.602083212,0.886909429,0.463175953,0.602190586,6.730000019,42.27999878,104.0999985,158.1900024,0,0,288.8800049,288.8800049,964.2437894,964.2437894,nan,nan,14.85560681,8.319999695,6.298659947
44.9075,-84.7189,447,162.6701389,8,1,0.333240569,0.321851581,0.24775587,0.068538427,0.118905529,0.743474515,0.20567252,0.356815888,0.748591358,0.207088027,0.359271615,47.15999985,28.48999977,95.93999481,132.5500031,0,0,298.1600037,298.1600037,951.8616222,951.8616222,nan,nan,64.41251561,29.34000015,24.6935583
44.9075,-84.7189,447,214.6527778,8,1,0.330153078,0.281908691,0.244344294,0.065705694,0.114451356,0.740093946,0.199015847,0.346661485,0.762374701,0.20500728,0.357097835,64.68000031,37.06999969,91.93999481,127.1800003,0,0,297.4799805,297.4799805,951.8616222,951.8616222,nan,nan,70.21525921,21.30999947,19.55027309
44.9075,-84.7189,447,214.7222222,8,1,0.305296361,0.291466057,0.233933285,0.082340524,0.126103699,0.76624983,0.269706862,0.413053397,0.773255718,0.272172815,0.41682998,51.93999863,27.57999992,-71.5,168.0299988,0,0,300.3899841,300.3899841,951.8616222,951.8616222,nan,nan,53.76909624,20.31999969,19.55027309
43.8925,-70.2572,120,39.61458333,8,1,0.164804786,0.094268568,0.140749663,0.081002049,0.101409286,0.854038685,0.491503013,0.61532974,0.933987778,0.537514067,0.672932581,62.75999832,65.58999634,92.38999939,146.3099976,0,0,265.019989,265.019989,996.4643764,996.4643764,nan,nan,15.15373527,2.839999914,3.291062372
43.8925,-70.2572,120,110.6180556,8,1,0.199357331,0.237479523,0.170630038,0.079015926,0.109327994,0.855900493,0.396353248,0.548402177,0.824372303,0.381753068,0.528201081,59.30999756,39.54000092,92.86000061,137.0299988,0,0,283.0799866,283.0799866,996.4643764,996.4643764,nan,nan,18.95847865,9.109999657,5.822648978
43.8925,-70.2572,120,110.6215278,8,1,0.212452143,0.25250575,0.183468342,0.083944261,0.116427027,0.863574916,0.395120801,0.548015308,0.832196126,0.380763723,0.528102667,59.19999695,39.48999786,93.83999634,137.0500031,0,0,283.0899963,283.0899963,996.4643764,996.4643764,nan,nan,18.91628358,9.029999733,5.822648978
43.8925,-70.2572,120,133.625,8,1,0.224411085,0.255902648,0.197854385,0.102262542,0.134847939,0.881660479,0.455692916,0.600896961,0.857591354,0.443252606,0.584492614,55.05999756,32.57999802,93.87999725,133.9599915,0,0,282.3599854,282.3599854,996.4643764,996.4643764,nan,nan,25.83956138,7.359999657,8.810528939
43.8925,-70.2572,120,142.6180556,8,1,0.260555834,0.273804665,0.212326437,0.083201245,0.123243779,0.814898037,0.319322133,0.473003338,0.806694224,0.316107425,0.468241477,59.41999817,31.78999901,93.25,129.4700012,0,0,292.1300049,292.1300049,996.4643764,996.4643764,nan,nan,34.57386449,12.98999977,11.00332529
43.8925,-70.2572,120,197.625,8,1,0.357962072,0.331434399,0.259513319,0.064808033,0.118205145,0.724974345,0.181047207,0.330216954,0.735881208,0.183770969,0.335184897,55.16999817,31.44999886,94.18999481,127.1299973,0,0,293.6799927,293.6799927,996.4643764,996.4643764,nan,nan,78.37657037,28.8599987,26.81305639
43.8925,-70.2572,120,216.6458333,8,1,0.358801991,0.341036022,0.259346962,0.069064781,0.121804342,0.72281361,0.192487174,0.3394751,0.730043182,0.194412428,0.342870526,19.69999886,31.02999878,98.87999725,143.1799927,0,0,300.2599792,300.2599792,996.4643764,996.4643764,nan,nan,71.48576354,36.54999924,32.06834913
43.8925,-70.2572,120,238.6875,8,1,0.221299812,0.193474621,0.143006921,0.025414765,0.054104216,0.646213476,0.114843138,0.244483788,0.662883031,0.117805602,0.250790429,59.34000015,33.52000046,-70.43999481,175.4700012,0,0,298.25,298.25,996.4643764,996.4643764,nan,nan,106.0631103,44.22999954,33.55909758
43.8925,-70.2572,120,263.6145833,8,1,0.264362127,0.257790268,0.227312371,0.106846646,0.146010131,0.859852257,0.404167749,0.552311076,0.864148684,0.406187255,0.555070811,63.22999954,48.79999924,92.25,143.6499939,0,0,285.6099854,285.6099854,996.4643764,996.4643764,nan,nan,23.49224232,7.429999828,6.28409574
43.8925,-70.2572,120,263.6840278,8,1,0.206192046,0.18485181,0.178998649,0.091814898,0.120583832,0.868116168,0.445288262,0.584813209,0.886465452,0.454700275,0.597174347,55.29999924,42.79999924,-71.47999573,177.0800018,0,0,287.8599854,287.8599854,996.4643764,996.4643764,nan,nan,18.83636148,6.369999886,6.038252052
43.8925,-70.2572,120,264.6458333,8,1,0.225580588,0.222714275,0.198474571,0.098091014,0.130397424,0.879838877,0.434838009,0.578052506,0.882080487,0.435945868,0.579525239,19.69999886,45.34000015,100.75,157.7200012,0,0,286,286,996.4643764,996.4643764,nan,nan,16.32050697,9.599999428,6.568007441
43.8925,-70.2572,120,265.6736111,8,1,0.195671648,0.187064335,0.16685386,0.079304531,0.10767673,0.852723744,0.40529393,0.550292957,0.860292347,0.408891237,0.555177246,45,43.75999832,-73.66999817,172.9599915,0,0,288.8999939,288.8999939,996.4643764,996.4643764,nan,nan,24.36249242,9.039999962,8.704656225
28.4667,-80.55,10,123.6701389,8,1,0.342705458,0.350473702,0.287649542,0.117531031,0.169856519,0.83934917,0.342950567,0.495634121,0.835561169,0.341402824,0.493397313,7.460000038,21.03999901,103.6299973,123.7099991,0,0,299.4799805,299.4799805,1011.842526,1011.842526,nan,nan,28.16092048,16.72999954,13.53910658
28.4667,-80.55,10,124.6979167,8,1,0.259415001,0.260495603,0.194682598,0.056032307,0.096746512,0.750467774,0.215994863,0.372941085,0.749843074,0.215815065,0.372630644,58.86999893,14.25,-75.93000031,149.9400024,0,0,302.2200012,302.2200012,1011.842526,1011.842526,nan,nan,70.95594688,22.88999939,23.92270238
28.4667,-80.55,10,125.6597222,8,1,0.347257495,0.344848305,0.264125466,0.07241571,0.126394093,0.760604077,0.208536059,0.363978013,0.761660921,0.208825816,0.364483753,31.38999939,22.96999931,98.44999695,117.6899948,0,0,302.3899841,302.3899841,1011.842526,1011.842526,nan,nan,58.46583516,31.21999931,25.89767547
28.4667,-80.55,10,126.6909722,8,1,0.262610167,0.285255045,0.191340655,0.046115082,0.086117566,0.728610994,0.175602804,0.32792929,0.7162584,0.172625701,0.322369701,47.16999817,15.29999924,-77.75,139.1399994,0,0,303.5299988,303.5299988,1011.842526,1011.842526,nan,nan,70.60678342,35.40999985,28.15587156
28.4667,-80.55,10,128.6840278,8,1,0.266053468,0.252398938,0.228019357,0.102828264,0.142229304,0.857043355,0.386494734,0.534589174,0.865931711,0.390503052,0.540133373,29.84999847,16.77000046,-79.86000061,129.9400024,0,0,297.8999939,297.8999939,1011.842526,1011.842526,nan,nan,22.04343705,12.05999947,10.03169024
28.4667,-80.55,10,129.6458333,8,1,0.21093452,0.173230737,0.159210667,0.052980315,0.085517272,0.754787159,0.251169486,0.405420945,0.782770644,0.260481512,0.420451793,60.05999756,27.28999901,95.15999603,108.1899948,0,0,298.7399902,298.7399902,1011.842526,1011.842526,nan,nan,52.06450775,17.22999954,16.63999449
28.4667,-80.55,10,132.6666667,8,1,0.376011223,0.405537754,0.285630643,0.07879889,0.13819696,0.759633294,0.209565261,0.367534137,0.747887619,0.206324901,0.361851215,20.22999954,20.61999893,98.63999939,115.8999939,0,0,299.1999817,299.1999817,1011.842526,1011.842526,nan,nan,55.90718484,33.86000061,26.195951
28.4667,-80.55,10,133.6944444,8,1,0.253263533,0.248407424,0.193964556,0.060721666,0.099909395,0.765860578,0.239756845,0.394487883,0.768808827,0.24067981,0.3960065,53.59000015,12.89999962,-76.94999695,139.6399994,0,0,300.019989,300.019989,1011.842526,1011.842526,nan,nan,55.26302671,21.82999992,20.38741768
28.4667,-80.55,10,134.65625,8,1,0.348564833,0.324706942,0.262994319,0.074213162,0.128003687,0.754506175,0.212910641,0.36723064,0.764978124,0.215865672,0.37232751,40.77000046,22.81999969,97.51999664,110.659996,0,0,299.8099976,299.8099976,1011.842526,1011.842526,nan,nan,50.94320814,28.26000023,21.17925726
28.4667,-80.55,10,136.6493056,8,1,0.339085907,0.351061523,0.227550894,0.042263504,0.089573525,0.671071518,0.124639518,0.264161745,0.666364671,0.123765306,0.262308934,54.91999817,25.18000031,95.22999573,106.2200012,0,0,299.0899963,299.0899963,1011.842526,1011.842526,nan,nan,102.7967702,45.71999741,36.13267478
28.4667,-80.55,10,141.6597222,8,1,0.372318626,0.355940193,0.283477455,0.079529434,0.137562841,0.76138403,0.213605844,0.36947612,0.768142201,0.215501845,0.372755652,31.38999939,20.85000038,98.27999878,108.7599945,0,0,302.789978,302.789978,1011.842526,1011.842526,nan,nan,46.90024484,30.13999939,20.92336521
28.4667,-80.55,10,142.6909722,8,1,0.267886877,0.272943825,0.181326643,0.034276579,0.071854904,0.67687766,0.12795169,0.268228534,0.674331765,0.127470434,0.267219664,47.16999817,12.42000008,-77.75999451,128.3499908,0,0,305.6799927,305.6799927,1011.842526,1011.842526,nan,nan,102.5944347,49.45000076,41.12117673
28.4667,-80.55,10,143.6527778,8,1,0.322506189,0.324982703,0.219727293,0.042302486,0.089010827,0.681311863,0.131167981,0.275997268,0.680267114,0.130966843,0.275574044,48.61999893,23.31999969,95.70999908,104.4300003,0,0,302.8599854,302.8599854,1011.842526,1011.842526,nan,nan,95.60138193,46.31999969,36.74568213
28.4667,-80.55,10,144.6840278,8,1,0.272036701,0.278247327,0.194986999,0.053976141,0.092052795,0.716767252,0.198414922,0.338383735,0.713509354,0.197513073,0.336845691,29.75,14.44999981,-78.58999634,119.25,0,0,303.1099854,303.1099854,1011.842526,1011.842526,nan,nan,81.60289329,37.41999817,37.35579385
28.4667,-80.55,10,151.6875,8,1,0.27464506,0.261291295,0.182057291,0.037968777,0.075191572,0.662882089,0.138246714,0.273777261,0.669391507,0.139604279,0.276465719,39.27000046,12.78999996,-78.59999847,118.1499939,0,0,303.519989,303.519989,1011.842526,1011.842526,nan,nan,103.5997361,51.04999924,44.71005296
28.4667,-80.55,10,160.6840278,8,1,0.286937207,0.289295793,0.191006675,0.031652685,0.071071222,0.665674129,0.110312237,0.247689113,0.664581575,0.110131185,0.247282587,29.67000008,13.81999969,-80.05999756,110.4300003,0,0,303.4599915,303.4599915,1011.842526,1011.842526,nan,nan,109.0539712,63.7899971,50.00859272
28.4667,-80.55,10,162.6736111,8,1,0.32411629,0.306025803,0.218180671,0.038954165,0.083960198,0.673155526,0.120185767,0.259043438,0.680754764,0.121542541,0.261967774,5.589999676,16.38999939,-85.65999603,105.2699966,0,0,303.7399902,303.7399902,1011.842526,1011.842526,nan,nan,105.2613174,61.90999985,51.4188109
28.4667,-80.55,10,164.6666667,8,1,0.44111675,0.435808778,0.318500638,0.072934948,0.140779585,0.722032518,0.165341597,0.319143593,0.723774358,0.165740469,0.319913499,20.40999985,19.05999947,98.36999512,101.3600006,0,0,302.1300049,302.1300049,1011.842526,1011.842526,nan,nan,68.37656252,42.59000015,32.17740585
28.4667,-80.55,10,167.6875,8,1,0.280022174,0.273115844,0.202519789,0.047632098,0.090245515,0.723227687,0.170101166,0.322279889,0.726812839,0.170944383,0.32387748,39.16999817,12.67000008,-78.04000092,110.909996,0,0,301.8999939,301.8999939,1011.842526,1011.842526,nan,nan,83.39187077,38.09999847,36.02516768
28.4667,-80.55,10,168.6493056,8,1,0.323678613,0.322800726,0.223598093,0.047404714,0.094731338,0.690802803,0.146456121,0.292670985,0.691177728,0.146535608,0.292829828,55.02000046,24.52999878,95,95.80999756,0,0,301.019989,301.019989,1011.842526,1011.842526,nan,nan,86.10377129,38.27000046,30.28062596
28.4667,-80.55,10,172.6979167,8,1,0.29364267,0.281339467,0.192203939,0.037134197,0.077597491,0.654550441,0.126460492,0.264258227,0.660081735,0.12752915,0.266491348,58.75999832,9.229999542,-75.94999695,121.1199951,0,0,304.3800049,304.3800049,1011.842526,1011.842526,nan,nan,122.1712327,43.22999954,41.53652598
28.4667,-80.55,10,173.6597222,8,1,0.329484671,0.306962162,0.236589089,0.064514138,0.109163284,0.718057954,0.195803154,0.331315214,0.728010849,0.198517152,0.335907525,31.57999992,20.71999931,98.43000031,98.90000153,0,0,304.1499939,304.1499939,1011.842526,1011.842526,nan,nan,82.39345459,36.46999741,36.73383562
28.4667,-80.55,10,174.6909722,8,1,0.27819559,0.273297221,0.192750797,0.044217389,0.082778186,0.69286072,0.15894353,0.29755391,0.695309272,0.159505232,0.298605458,47.06999969,11.68999958,-77.76999664,112.8199997,0,0,305.7799988,305.7799988,1011.842526,1011.842526,nan,nan,88.61248418,40.79999924,35.59613517
28.4667,-80.55,10,175.6527778,8,1,0.263600051,0.250412881,0.182807386,0.058638249,0.090581216,0.693502846,0.222451583,0.343631253,0.700511773,0.224699803,0.347104182,48.62999725,23.48999977,96.43000031,96.52999878,0,0,304.3999939,304.3999939,1011.842526,1011.842526,nan,nan,109.6295305,30.44999886,42.11008898
28.4667,-80.55,10,176.6840278,8,1,0.290595144,0.285927504,0.198247924,0.04005098,0.081439704,0.68221348,0.137823981,0.280251427,0.684412133,0.138268164,0.281154627,29.56999969,14.32999992,-78.41999817,107.3600006,0,0,306.5499878,306.5499878,1011.842526,1011.842526,nan,nan,100.4499962,52.25,46.03861457
28.4667,-80.55,10,179.7048611,8,1,0.220677033,0.202083573,0.144383654,0.030762011,0.060630865,0.654275853,0.139398336,0.274749323,0.66549022,0.14178764,0.279458559,63.23999786,8.460000038,-75.36000061,126.1100006,0,0,305.8599854,305.8599854,1011.842526,1011.842526,nan,nan,123.6810246,36.46999741,38.26802369
28.4667,-80.55,10,181.6944444,8,1,0.247184396,0.227660403,0.164041981,0.034169022,0.067812592,0.663642139,0.138232925,0.2743401,0.674294035,0.140451655,0.27874344,53.48999786,10.88999939,-77.06999969,116.6699982,0,0,306.519989,306.519989,1011.842526,1011.842526,nan,nan,101.7066885,43.18000031,37.68149465
28.4667,-80.55,10,184.6493056,8,1,0.314745188,0.324012578,0.202049419,0.031106064,0.07352259,0.641946016,0.098829356,0.233594009,0.638187842,0.098250775,0.232226469,55.02999878,25.37999916,95.43999481,96.15999603,0,0,303.9100037,303.9100037,1011.842526,1011.842526,nan,nan,129.6075319,55.91999817,45.45117829
28.4667,-80.55,10,189.6597222,8,1,0.372469783,0.368030936,0.248364016,0.043237981,0.095930241,0.666803128,0.116084532,0.257551741,0.668396229,0.116361877,0.258167074,31.67000008,21.71999931,97.20999908,100.6999969,0,0,303.3599854,303.3599854,1011.842526,1011.842526,nan,nan,102.4181733,59.62999725,45.49105488
28.4667,-80.55,10,191.6527778,8,1,0.336903274,0.32488969,0.220964342,0.037439097,0.082118057,0.655868789,0.111127138,0.243743718,0.660579893,0.111925364,0.245494529,48.72999954,24.52999878,96.54000092,98.68999481,0,0,303.2200012,303.2200012,1011.842526,1011.842526,nan,nan,125.0995851,54.68999863,47.83444153
28.4667,-80.55,10,193.6423611,8,1,0.318548411,0.320957184,0.191770166,0.026484607,0.065015242,0.602012628,0.083141544,0.204098464,0.601103553,0.083015996,0.203790263,60.27999878,27.3599987,94.48999786,96.97000122,0,0,304.2399902,304.2399902,1011.842526,1011.842526,nan,nan,159.9525836,61.95999908,50.89087199
28.4667,-80.55,10,194.6736111,8,1,0.309456646,0.302482545,0.210217878,0.038544517,0.082476817,0.679312856,0.124555467,0.266521395,0.6823886,0.12511942,0.267728132,5.400000095,18.19999886,-83.93999481,107.1499939,0,0,304.8599854,304.8599854,1011.842526,1011.842526,nan,nan,98.49542737,59.69999695,47.88024525
28.4667,-80.55,10,195.7048611,8,1,0.157373875,0.136689842,0.102278315,0.021932676,0.043093249,0.649906563,0.139366692,0.27382721,0.667451521,0.143129052,0.281219483,63.23999786,9.979999542,-75.65999603,131.0599976,0,0,305.6199951,305.6199951,1011.842526,1011.842526,nan,nan,92.74466775,36.13999939,28.65734749
28.4667,-80.55,10,197.6944444,8,1,0.266138673,0.264346182,0.169068009,0.02654337,0.06139867,0.635262838,0.099735109,0.230701797,0.636119714,0.099869637,0.23101298,53.37999725,12.38999939,-76.51999664,122.4599991,0,0,303.9700012,303.9700012,1011.842526,1011.842526,nan,nan,126.2920955,58.30999756,46.77004864
28.4667,-80.55,10,198.65625,8,1,0.372850895,0.396282554,0.246375814,0.041629344,0.093308762,0.660789118,0.111651453,0.250257577,0.652586809,0.110265535,0.247151155,41.05999756,23.76000023,96.65999603,102.1299973,0,0,304.0799866,304.0799866,1011.842526,1011.842526,nan,nan,123.1995616,59.40999985,50.93355272
28.4667,-80.55,10,199.6875,8,1,0.2823461,0.288600713,0.19467096,0.037506297,0.078687482,0.689476358,0.132838021,0.278691584,0.686435135,0.132252084,0.277462298,39.07999802,14.94999981,-78.61999512,116.6399994,0,0,304.5899963,304.5899963,1011.842526,1011.842526,nan,nan,87.04644997,50.02000046,37.46750425
28.4667,-80.55,10,200.6493056,8,1,0.33378765,0.319576234,0.210874468,0.031370472,0.075448901,0.631762344,0.093983322,0.226038622,0.637188157,0.094790486,0.227979927,55.02999878,26.56999969,95.3299942,100.2999954,0,0,303.6300049,303.6300049,1011.842526,1011.842526,nan,nan,128.6912091,57.37999725,44.95238343
28.4667,-80.55,10,201.6770833,8,1,0.162284657,0.157689422,0.112368986,0.028671835,0.049727731,0.692419036,0.176676188,0.30642287,0.696362662,0.177682435,0.308168081,18.17000008,17.60000038,-78.93999481,112.3999939,0,0,304.4100037,304.4100037,1011.842526,1011.842526,nan,nan,84.36214379,45.20999908,40.14206463
28.4667,-80.55,10,202.6388889,8,1,0.303814113,0.287686676,0.18368651,0.026950657,0.063981809,0.604601636,0.08870772,0.210595249,0.611089356,0.089659605,0.212855056,64.62999725,29.40999985,93.76999664,98.70999908,0,0,303.6600037,303.6600037,1011.842526,1011.842526,nan,nan,152.8983825,52.56999969,43.91277918
28.4667,-80.55,10,203.6701389,8,1,0.373889685,0.364543498,0.255616635,0.056756366,0.10802161,0.683668594,0.151799764,0.288913051,0.687103725,0.152562491,0.290364711,7.879999638,20.31999969,98.73999786,109.1899948,0,0,303.4799805,303.4799805,1011.842526,1011.842526,nan,nan,91.74005903,52.43999863,44.19302112
28.4667,-80.55,10,206.6909722,8,1,0.275769532,0.274875611,0.181482196,0.035282817,0.073068418,0.658093716,0.127943129,0.264961895,0.658520642,0.128026129,0.265133784,46.96999741,14.64999962,-77.04000092,124.1100006,0,0,303.6900024,303.6900024,1011.842526,1011.842526,nan,nan,101.5000777,51,40.61530019
28.4667,-80.55,10,207.6527778,8,1,0.344728231,0.334613532,0.227717757,0.039652389,0.087928526,0.660571826,0.115025069,0.255066218,0.664471086,0.115704045,0.256571837,48.72999954,25.86999893,95.68999481,104.4799957,0,0,303.0599976,303.0599976,1011.842526,1011.842526,nan,nan,108.6418658,51.79999924,41.34915731
28.4667,-80.55,10,209.6423611,8,1,0.3302508,0.328050584,0.20156683,0.025841691,0.066687599,0.610344715,0.078248684,0.201930166,0.611159055,0.078353086,0.202199587,60.27999878,28.68999863,94.58999634,102.659996,0,0,303.1900024,303.1900024,1011.842526,1011.842526,nan,nan,162.635267,61.8599968,51.51495823
28.4667,-80.55,10,214.65625,8,1,0.344420195,0.343312174,0.231406748,0.042280484,0.091057643,0.671873345,0.122758435,0.264379513,0.672305915,0.12283747,0.264549727,41.05999756,25.29999924,96.37999725,109.5299988,0,0,304.2200012,304.2200012,1011.842526,1011.842526,nan,nan,100.1907973,52.87999725,41.19154493
28.4667,-80.55,10,217.6770833,8,1,0.288531721,0.279507369,0.189067587,0.030291922,0.070384227,0.655274876,0.104986455,0.243939303,0.659399659,0.105647317,0.245474837,18.17000008,19.61999893,-78.93999481,122.1100006,0,0,304.3599854,304.3599854,1011.842526,1011.842526,nan,nan,109.6730416,67.69999695,51.87645282
28.4667,-80.55,10,219.6701389,8,1,0.332912594,0.32495746,0.224490777,0.038296491,0.085715853,0.674323473,0.115034672,0.257472545,0.677561616,0.115587075,0.258708944,7.879999638,22.22999954,99.40000153,118.3999939,0,0,304.3999939,304.3999939,1011.842526,1011.842526,nan,nan,101.5985943,63.43000031,48.61576468
28.4667,-80.55,10,220.6979167,8,1,0.22781685,0.203447416,0.137993276,0.020468259,0.0488902,0.605720236,0.089845238,0.214603088,0.618962241,0.091809398,0.219294652,58.75999832,15.15999985,-76.26999664,142.3399963,0,0,306.039978,306.039978,1011.842526,1011.842526,nan,nan,152.0125655,58.5,51.28223526
28.4667,-80.55,10,221.6597222,8,1,0.353427708,0.36653173,0.237369597,0.039984465,0.09012913,0.671621357,0.113133361,0.255014328,0.666677682,0.112300609,0.253137217,31.67000008,24.90999985,97.72000122,115.3899994,0,0,304.6699829,304.6699829,1011.842526,1011.842526,nan,nan,109.0980061,60.45999908,47.90166739
28.4667,-80.55,10,222.6909722,8,1,0.268576473,0.256397724,0.173176631,0.027262855,0.06399174,0.644794495,0.101508725,0.238262643,0.650695727,0.102437744,0.240443249,46.96999741,17.35000038,-77.52999878,135.3699951,0,0,305.8500061,305.8500061,1011.842526,1011.842526,nan,nan,130.7340712,59.18999863,52.02053325
28.4667,-80.55,10,223.6527778,8,1,0.344014853,0.336334437,0.219880194,0.032282837,0.078167334,0.639159012,0.093841404,0.227220812,0.642025763,0.0942623,0.228239941,48.72999954,27.62999916,96.16999817,112.8899994,0,0,304.4899902,304.4899902,1011.842526,1011.842526,nan,nan,131.6399041,61.59000015,49.77367842
28.4667,-80.55,10,226.6736111,8,1,0.294862419,0.292222917,0.200533599,0.035498694,0.077444151,0.680092089,0.120390702,0.262645037,0.681311861,0.120606627,0.263116101,5.400000095,22.19999886,-83.93999481,125.5400009,0,0,303.5,303.5,1011.842526,1011.842526,nan,nan,97.70098609,61.55999756,46.86972313
28.4667,-80.55,10,227.7048611,8,1,0.175098628,0.160983697,0.105571814,0.018588971,0.041074377,0.602927706,0.106162861,0.234578518,0.61280755,0.107902494,0.238422427,63.23999786,16.10000038,-75.65999603,151.8499908,0,0,306.6000061,306.6000061,1011.842526,1011.842526,nan,nan,141.2278471,48.64999771,43.29766571
28.4667,-80.55,10,228.6666667,8,1,0.342213392,0.343483895,0.22870402,0.044832122,0.091901101,0.668308212,0.131006333,0.268549108,0.667812348,0.13090913,0.268349853,20.5,24.76999855,97.83999634,121.9599991,0,0,304.1699829,304.1699829,1011.842526,1011.842526,nan,nan,101.9762481,57.88999939,47.0167464
28.4667,-80.55,10,231.6875,8,1,0.267770112,0.267834485,0.175471231,0.029867785,0.06787651,0.655305517,0.11154264,0.253488001,0.655274011,0.111537277,0.253475814,39.07999802,20.18999863,-77.75999451,138.1399994,0,0,305.4100037,305.4100037,1011.842526,1011.842526,nan,nan,115.0737719,59.72999954,48.89085699
28.4667,-80.55,10,233.6770833,8,1,0.279450059,0.275951833,0.195312887,0.052103076,0.088926092,0.698918756,0.186448614,0.31821819,0.700672996,0.186916588,0.319016896,18.15999985,22.51000023,-80.09999847,133.1600037,0,0,304.019989,304.019989,1011.842526,1011.842526,nan,nan,90.11039065,42.75999832,42.20841281
28.4667,-80.55,10,236.6979167,8,1,0.245309994,0.218237951,0.154763699,0.031143941,0.060891524,0.630890313,0.12695749,0.248222761,0.645129415,0.129822902,0.253825113,58.75999832,19.18999863,-76.37999725,152.9299927,0,0,304.5599976,304.5599976,1011.842526,1011.842526,nan,nan,137.6717862,45.36000061,46.09009722
28.4667,-80.55,10,237.6597222,8,1,0.312030494,0.320897311,0.207851559,0.037504345,0.079743356,0.666125788,0.120194487,0.2555627,0.662361389,0.119515246,0.254118468,31.67000008,27.46999931,98.06999969,125.5499954,0,0,303.6300049,303.6300049,1011.842526,1011.842526,nan,nan,107.6474004,58.93000031,46.76165856
28.4667,-80.55,10,238.6909722,8,1,0.243904993,0.242162749,0.159346208,0.026915547,0.060280968,0.653312612,0.110352585,0.247149379,0.654247286,0.110510463,0.247502968,46.96999741,21.1099987,-77.65999603,146.4199982,0,0,304.3200073,304.3200073,1011.842526,1011.842526,nan,nan,114.111346,56.68000031,44.97187758
28.4667,-80.55,10,239.6527778,8,1,0.323019326,0.334870428,0.209138215,0.03147167,0.075103551,0.647447995,0.097429681,0.232504823,0.642731818,0.096719978,0.230811198,48.72999954,30.06999969,96.16999817,122.5899963,0,0,304.1099854,304.1099854,1011.842526,1011.842526,nan,nan,124.8752877,59.75,46.74232215
28.4667,-80.55,10,240.6840278,8,1,0.253984302,0.256766766,0.166139647,0.03069108,0.064270578,0.654133527,0.120838491,0.253049412,0.65270342,0.120574306,0.25249618,29.56999969,23.20999908,-79.52999878,140.9400024,0,0,304.1499939,304.1499939,1011.842526,1011.842526,nan,nan,110.7835316,61.7899971,49.50529893
28.4667,-80.55,10,244.6666667,8,1,0.32185787,0.326547384,0.212845922,0.033829194,0.078861877,0.661304077,0.105106001,0.245020814,0.659382618,0.104800609,0.244308891,20.5,27.84999847,98.34999847,132.3999939,0,0,302.2999878,302.2999878,1011.842526,1011.842526,nan,nan,110.5098487,66.43999481,50.26353169
28.4667,-80.55,10,246.65625,8,1,0.312302262,0.315321684,0.19901669,0.029444329,0.071656317,0.637256641,0.094281512,0.229445397,0.636026786,0.094099556,0.229002586,41.04999924,30.32999992,96.37999725,129.0200043,0,0,304.1300049,304.1300049,1011.842526,1011.842526,nan,nan,138.0882734,65.90000153,55.57785285
28.4667,-80.55,10,247.6875,8,1,0.247149572,0.26498875,0.164212331,0.029496297,0.0640435,0.664424907,0.119345937,0.259128507,0.654969804,0.117647584,0.255440977,39.07999802,24.32999992,-78.33999634,148.5200043,0,0,306.2799988,306.2799988,1011.842526,1011.842526,nan,nan,119.2866076,57.40999985,50.00096566
28.4667,-80.55,10,248.6493056,8,1,0.286963403,0.279991746,0.181771964,0.037981872,0.072456911,0.633432562,0.132357893,0.252495302,0.636525387,0.13300415,0.253728146,55.02000046,32.86999893,95.20999908,126.0799942,0,0,304.4599915,304.4599915,1011.842526,1011.842526,nan,nan,137.5910125,47.11000061,46.88053269
28.4667,-80.55,10,249.6770833,8,1,0.260938793,0.27082485,0.172036484,0.028406031,0.065101594,0.659298227,0.108860898,0.249489901,0.654340097,0.10804223,0.247613658,18.17000008,26.38999939,-79.22999573,143.5599976,0,0,304.8399963,304.8399963,1011.842526,1011.842526,nan,nan,107.2644951,66.47999573,49.4576422
28.4667,-80.55,10,252.6979167,8,1,0.254247427,0.237388596,0.151726961,0.019781813,0.050220445,0.596768915,0.077805362,0.197525872,0.604789483,0.078851065,0.200180618,58.75999832,24.19999886,-76.38999939,161.4700012,0,0,303.9599915,303.9599915,1011.842526,1011.842526,nan,nan,157.9659016,65.87999725,52.22832073
28.4667,-80.55,10,253.6597222,8,1,0.3077375,0.317492485,0.200801745,0.031959523,0.072729327,0.652509835,0.103853195,0.236335601,0.648399109,0.103198933,0.234846717,31.67000008,30.92000008,98.23999786,135.5099945,0,0,301.6300049,301.6300049,1011.842526,1011.842526,nan,nan,129.623078,65.56999969,55.379667
28.4667,-80.55,10,255.6527778,8,1,0.3041462,0.295763224,0.189644411,0.024722431,0.063060932,0.62353043,0.081284694,0.207337563,0.626986672,0.081735257,0.208486839,48.72999954,33.34000015,96.54000092,132.2299957,0,0,302.7200012,302.7200012,1011.842526,1011.842526,nan,nan,151.9413252,68.11000061,56.00390811
28.4667,-80.55,10,258.6736111,8,1,0.268769026,0.262365431,0.181383014,0.03568802,0.072983347,0.674865763,0.132783234,0.271546718,0.678096983,0.133418992,0.272846869,5.389999867,29.69999886,-81.05999756,145.8999939,0,0,303.1600037,303.1600037,1011.842526,1011.842526,nan,nan,108.0947638,56.30999756,50.14422093
28.4667,-80.55,10,261.6944444,8,1,0.257430702,0.256167114,0.159925759,0.023490446,0.056590751,0.621238094,0.091249589,0.219829066,0.621848558,0.091339256,0.220045082,53.37999725,27.72999954,-76.86999512,162.019989,0,0,304.6999817,304.6999817,1011.842526,1011.842526,nan,nan,145.5959744,62.0399971,51.88398329
28.4667,-80.55,10,265.6770833,8,1,0.233270749,0.245452732,0.162042126,0.03216343,0.06625852,0.694652572,0.137880253,0.28404127,0.687472268,0.136455048,0.281105266,18.17000008,31.14999962,-80.68000031,152.0999908,0,0,301.6600037,301.6600037,1011.842526,1011.842526,nan,nan,96.70478226,52,43.54194318
28.4667,-80.55,10,267.6701389,8,1,0.276531011,0.278043062,0.21069397,0.058467876,0.101469487,0.761918056,0.211433343,0.366937099,0.761085744,0.211202376,0.366536261,7.899999619,33.11999893,103.3399963,147.8799896,0,0,301.4799805,301.4799805,1011.842526,1011.842526,nan,nan,51.79690359,31.63999939,23.50588923
28.4667,-80.55,10,268.6979167,8,1,0.258255482,0.240180507,0.169395745,0.0409505,0.073652282,0.655923134,0.158565848,0.285191555,0.665234924,0.160816923,0.289240267,58.75999832,29.88999939,-75.95999908,167.6600037,0,0,302.5700073,302.5700073,1011.842526,1011.842526,nan,nan,109.1958394,36.34000015,35.43475123
28.4667,-80.55,10,270.6909722,8,1,0.110815667,0.096474208,0.07035239,0.01582418,0.02983333,0.634859606,0.142797319,0.269215813,0.65172859,0.146591616,0.276369202,46.96999741,31.28999901,-77.79000092,162.4799957,0,0,303.8599854,303.8599854,1011.842526,1011.842526,nan,nan,117.0092825,46.84000015,44.39461771
28.4667,-80.55,10,271.6527778,8,1,0.284769952,0.284074783,0.188620523,0.045804627,0.07991802,0.662361043,0.160847824,0.280640632,0.662684587,0.160926394,0.280777717,48.72999954,37.43000031,96.40999603,140.6499939,0,0,302.8200073,302.8200073,1011.842526,1011.842526,nan,nan,132.7873632,41.25,47.84536646
28.4667,-80.55,10,273.6423611,8,1,0.291018635,0.292210519,0.173736692,0.021271242,0.056036763,0.596995074,0.07309237,0.192553865,0.596506468,0.073032548,0.192396271,60.27999878,39.73999786,94.58999634,137.5399933,0,0,301.9299927,301.9299927,1011.842526,1011.842526,nan,nan,175.3223924,63.39999771,52.84668835
28.4667,-80.55,10,301.6597222,8,1,0.228413954,0.235944256,0.152225331,0.026210921,0.058381464,0.666444968,0.114751837,0.255594998,0.662079509,0.114000171,0.253920757,31.57999992,45.00999832,97.72000122,154.9700012,0,0,301.7599792,301.7599792,1011.842526,1011.842526,nan,nan,104.194192,59.19999695,40.25593975
28.4667,-80.55,10,302.6909722,8,1,0.198270112,0.201288417,0.129729152,0.021680135,0.049681049,0.654305131,0.109346462,0.250572556,0.652319054,0.109014552,0.249811969,47.04999924,42.45999908,-77.58999634,169.6399994,0,0,302.5899963,302.5899963,1011.842526,1011.842526,nan,nan,117.9050262,50.86999893,41.76396651
46.3019,-76.0061,214,214.6527778,4,1,0.306445569,0.300284088,0.230573207,0.065940954,0.112358093,0.752411621,0.215179988,0.366649431,0.755449477,0.216048776,0.368129775,37.93000031,33.68999863,98.16999817,140.5999908,0,0,297.2399902,297.2399902,983.4733093,983.4733093,nan,nan,59.03351682,28.68000031,23.90351432
46.3019,-76.0061,214,263.6840278,4,1,0.173183084,0.181588754,0.150804013,0.074216671,0.100602292,0.870777965,0.428544577,0.580901376,0.862406358,0.424424575,0.575316625,27.34000015,45.70000076,-75.09999847,169.0599976,0,0,282.5799866,282.5799866,983.4733093,983.4733093,nan,nan,21.84192481,10.02999973,8.54013256
46.3019,-76.0061,214,264.6458333,4,1,0.221583679,0.227932558,0.198024124,0.105139799,0.13644433,0.893676486,0.474492525,0.615768863,0.888584491,0.471788959,0.612260332,50.2899971,49.30999756,95.26999664,151.0500031,0,0,283.4599915,283.4599915,983.4733093,983.4733093,nan,nan,19.81789299,6.5,6.394917119
46.3019,-76.0061,214,264.7118056,4,1,0.185674965,0.180472657,0.159224734,0.078555793,0.105457209,0.857545514,0.423082306,0.567966763,0.862377998,0.425466481,0.571167398,63.62999725,45.64999771,-67.15000153,-175.8899994,0,0,287.1499939,287.1499939,983.4733093,983.4733093,nan,nan,23.54572521,7.059999943,6.394917119
46.3019,-76.0061,214,265.6736111,4,1,0.168619618,0.170073301,0.138182148,0.053923424,0.080036946,0.819490342,0.319793302,0.47465975,0.818079796,0.319242858,0.473842743,8.729999542,46.89999771,-80.75,165.2899933,0,0,286.5499878,286.5499878,983.4733093,983.4733093,nan,nan,38.33241874,17.85000038,15.48619799
42.6989,-83.4714,329,162.6701389,4,1,0.357000023,0.342675299,0.240944043,0.046711199,0.09681394,0.674913242,0.130843686,0.271187488,0.680373275,0.131902209,0.273381389,39.81999969,26.26999855,96.84999847,131.6499939,0,0,300.3500061,300.3500061,967.7665994,967.7665994,nan,nan,102.4943699,52,42.4028257
10.8833,-74.7833,33,215.6215278,13,1,0.340730935,0.32702744,0.20252645,0.024663586,0.06501852,0.594388209,0.072384347,0.190820712,0.59920799,0.072971298,0.192368042,61.75,31.56999969,96.70999908,74.15000153,0,0,301.519989,301.519989,1008.611333,1008.611333,nan,nan,185.0662807,64.04000092,56.31200801
10.8833,-74.7833,33,286.625,13,1,0.321359098,0.297413319,0.195490584,0.030517522,0.067121796,0.60832441,0.094963928,0.208868511,0.617527307,0.096400568,0.21202833,56.18000031,31.36999893,97.40999603,125.3299942,0,0,301.4199829,301.4199829,1008.611333,1008.611333,nan,nan,137.5634012,60.22999954,46.35087031
10.8833,-74.7833,33,295.6215278,13,1,0.385503203,0.374877125,0.231213957,0.0293082,0.076378785,0.599771819,0.076025827,0.198127498,0.603096591,0.076447268,0.199225797,61.75,34.22999954,96.58999634,128.8899994,0,0,300.9499817,300.9499817,1008.611333,1008.611333,nan,nan,176.8680702,60.75,53.23760149
10.8833,-74.7833,33,302.625,13,1,0.340045452,0.330128789,0.213694409,0.034424335,0.077132821,0.628428956,0.10123451,0.226830915,0.632115804,0.10182843,0.22816168,56.27999878,34.55999756,96.95999908,134.0500031,0,0,301.4799805,301.4799805,1008.611333,1008.611333,nan,nan,154.5945156,54,51.26415913
16.2639,-61.5164,25,7.621527778,13,1,0.186224714,0.199026823,0.128817424,0.028928211,0.056216706,0.691731089,0.155340343,0.301875645,0.682349401,0.153233521,0.297781419,22.46999931,42.95999908,-80.02999878,153.5599976,0,0,300.5299988,300.5299988,1009.734279,1009.734279,nan,nan,86.07156275,43.56999969,35.15139629
16.2639,-61.5164,25,9.611111111,13,1,0.19428438,0.208337158,0.142439872,0.036061231,0.065295048,0.733151437,0.185610552,0.336079762,0.722696765,0.182963763,0.331287296,5.619999886,44.21999741,101.2299957,149.5599976,0,0,300.5299988,300.5299988,1009.734279,1009.734279,nan,nan,77.9119418,35.64999771,32.46090613
16.2639,-61.5164,25,98.60763889,13,1,0.317331672,0.347715229,0.228214413,0.055688251,0.103834122,0.719166832,0.175489104,0.327210082,0.705653981,0.172191736,0.321061939,18.47999954,23.8599987,97.45999908,109.8199997,0,0,300.6199951,300.6199951,1009.734279,1009.734279,nan,nan,84.33330711,42.95000076,39.26462123
16.2639,-61.5164,25,167.6215278,13,1,0.234775588,0.267816484,0.169627547,0.041513849,0.077037282,0.722509307,0.176823533,0.32813157,0.702729721,0.17198277,0.319148563,22.46999931,18.07999992,-80.97999573,64.13999939,0,0,301.6199951,301.6199951,1009.734279,1009.734279,nan,nan,78.07056166,42.77000046,36.58246103
16.2639,-61.5164,25,203.6041667,13,1,0.322404295,0.33084926,0.231854439,0.054533847,0.102438659,0.719141904,0.169147395,0.317733542,0.715394139,0.168265894,0.316077692,31.84000015,24.30999947,98.05999756,76.58000183,0,0,301.8999939,301.8999939,1009.734279,1009.734279,nan,nan,80.59053261,41.09999847,35.43337236
16.2639,-61.5164,25,215.6215278,13,1,0.255575001,0.263475716,0.177749679,0.037566118,0.074520893,0.695489299,0.146986668,0.291581309,0.691215721,0.146083478,0.289789627,22.37999916,18.31999969,-81.45999908,83.25999451,0,0,302.0099792,302.0099792,1009.734279,1009.734279,nan,nan,93.40897063,50.43999863,43.75441814
16.2639,-61.5164,25,217.6111111,13,1,0.337203652,0.332730502,0.235038117,0.060113847,0.108093478,0.697021267,0.178271638,0.320558444,0.698875443,0.178745866,0.321411175,5.799999714,21.19999886,95.79999542,84.83000183,0,0,301.7799988,301.7799988,1009.734279,1009.734279,nan,nan,82.20443649,44.59999847,39.56445943
16.2639,-61.5164,25,222.625,13,1,0.270579934,0.270342886,0.184082523,0.038396437,0.077457607,0.680325848,0.141904228,0.286265155,0.680445071,0.141929096,0.286315322,34.05999756,16.71999931,-80.12999725,89.87999725,0,0,302.0799866,302.0799866,1009.734279,1009.734279,nan,nan,84.73901066,49.75,37.6414499
16.2639,-61.5164,25,224.6145833,13,1,0.249054924,0.263881892,0.175715923,0.040416077,0.076931067,0.705530815,0.162277767,0.308891973,0.697229196,0.160368328,0.3052574,8.739999771,19.62999916,-81.22999573,90.86000061,0,0,302.2299805,302.2299805,1009.734279,1009.734279,nan,nan,67.37903145,47.61000061,32.49605194
16.2639,-61.5164,25,294.5902778,13,1,0.290331453,0.278223753,0.192022279,0.034962792,0.073664233,0.661389859,0.120423714,0.253724605,0.666952648,0.121436569,0.25585862,56.61999893,36.18000031,96.91999817,136.4400024,0,0,302.4799805,302.4799805,1009.734279,1009.734279,nan,nan,111.9785368,43.86999893,36.63669924
16.2639,-61.5164,25,295.6215278,13,1,0.214731604,0.228348091,0.147307515,0.030214945,0.061375957,0.686007613,0.140710284,0.28582638,0.677416394,0.138948098,0.282246832,22.46999931,30.44999886,-81.22000122,152.6999969,0,0,302.5499878,302.5499878,1009.734279,1009.734279,nan,nan,89.46668886,51.80999756,39.90211786
16.2639,-61.5164,25,319.5868056,13,1,0.290218353,0.270521224,0.182304412,0.031273175,0.065982372,0.628162933,0.107757399,0.227354235,0.636806955,0.109240227,0.23048281,61.97999954,43.09999847,95.94999695,142.5500031,0,0,301.3699951,301.3699951,1009.734279,1009.734279,nan,nan,157.2160524,44.93999863,44.9417842
16.2639,-61.5164,25,342.5902778,13,1,0.2444572,0.242786959,0.165029928,0.032069072,0.066166565,0.675087205,0.131184813,0.270667277,0.676010967,0.131364321,0.271037648,56.61000061,46.66999817,96.36999512,145.8699951,0,0,300.5700073,300.5700073,1009.734279,1009.734279,nan,nan,124.7358286,41.77000046,38.09451701
16.2639,-61.5164,25,361.6111111,13,1,0.168279409,0.169083908,0.114305101,0.026053889,0.050354186,0.679257799,0.154825173,0.299229636,0.67860895,0.154677279,0.298943802,5.619999886,44.56999969,101.2200012,152.1499939,0,0,300.6399841,300.6399841,1009.734279,1009.734279,nan,nan,88.64424755,44.5399971,36.80401436
19.4333,-99.1333,2250,22.72569444,13,1,0.094109893,0.102320373,0.080518656,0.042000298,0.054502357,0.855581205,0.44628993,0.579135255,0.840908439,0.438636294,0.569203392,25.11999893,43.59000015,-81.43000031,152.6799927,0,0,297.0400085,297.0400085,733.9588697,733.9588697,nan,nan,18.20805611,12.02999973,7.326839971
19.4333,-99.1333,2250,45.73263889,13,1,0.106867917,0.114564769,0.083626978,0.032882121,0.048411273,0.782526511,0.307689356,0.453000993,0.771414728,0.303320204,0.446568434,37.05999756,37.29999924,-79.76999664,149.0399933,0,0,304.7200012,304.7200012,733.9588697,733.9588697,nan,nan,41.49309395,23.75,16.52954519
19.4333,-99.1333,2250,49.71527778,13,1,0.131918863,0.152473137,0.11863219,0.075139754,0.090814143,0.89928148,0.569590672,0.688409085,0.87210495,0.552377488,0.667605176,14.75,39.46999741,98.97000122,139.9299927,0,0,306.3599854,306.3599854,733.9588697,733.9588697,nan,nan,12.10707774,7.259999752,5.197319367
19.4333,-99.1333,2250,62.69444444,13,1,0.176012397,0.190560773,0.136207774,0.049792379,0.075420313,0.773853301,0.282891319,0.428494322,0.761268706,0.27829087,0.421526041,59.77999878,40.91999817,95.79000092,126.8499985,0,0,304.2599792,304.2599792,733.9588697,733.9588697,nan,nan,54.41232071,20.40999985,16.43772895
19.4333,-99.1333,2250,63.72222222,13,1,0.124982789,0.144843265,0.106737681,0.055392552,0.072206639,0.854019032,0.44320144,0.577732656,0.82771336,0.429549857,0.559937215,13.53999996,33.18000031,-83.18999481,139.2200012,0,0,305.25,305.25,733.9588697,733.9588697,nan,nan,20.49163133,14.2699995,9.216371629
19.4333,-99.1333,2250,65.71527778,13,1,0.152274534,0.169446215,0.131016195,0.070585743,0.09053468,0.860394652,0.46354266,0.59454905,0.84141767,0.4533187,0.581435595,14.75999928,34.5,99.69999695,134.3099976,0,0,306.0599976,306.0599976,733.9588697,733.9588697,nan,nan,19.22728262,12.47999954,8.554846541
19.4333,-99.1333,2250,67.70486111,13,1,0.195953682,0.222113445,0.162464052,0.078459702,0.104860567,0.829094155,0.400399225,0.53512935,0.807533066,0.389986604,0.521212992,38.34000015,36.00999832,97.04999542,129.75,0,0,303.4199829,303.4199829,733.9588697,733.9588697,nan,nan,31.20095854,15.63000011,12.42483771
19.4333,-99.1333,2250,68.73611111,13,1,0.117016748,0.126524419,0.095968314,0.045515019,0.062288545,0.820124602,0.388961583,0.532304532,0.807010596,0.382741986,0.523792845,45.95999908,28.76000023,-79.45999908,144.6399994,0,0,308.4299927,308.4299927,733.9588697,733.9588697,nan,nan,30.09638022,15.46000004,11.66873539
19.4333,-99.1333,2250,69.69791667,13,1,0.181089371,0.19778496,0.14842625,0.06533429,0.091458187,0.819629824,0.360784787,0.505044475,0.804790248,0.3542527,0.495900535,54.13999939,37.70000076,96.18000031,125.5299988,0,0,305.9799805,305.9799805,733.9588697,733.9588697,nan,nan,28.72827481,15.18999958,9.669846996
19.4333,-99.1333,2250,72.71875,13,1,0.140499666,0.164304003,0.115173772,0.05166379,0.071965173,0.819744096,0.367714681,0.512208853,0.792877247,0.35566295,0.495421372,0.839999974,31.15999985,106.5699997,133.5200043,0,0,310.269989,310.269989,733.9588697,733.9588697,nan,nan,29.9227311,21.09000015,13.7975031
19.4333,-99.1333,2250,73.75,13,1,0.128895283,0.125295267,0.096790075,0.035331778,0.053349629,0.75092023,0.274112267,0.413899003,0.755138399,0.275652047,0.416224012,63.66999817,24.6099987,-77.84999847,151.9499969,0,0,296.2299805,296.2299805,733.9588697,733.9588697,nan,nan,47.13193343,20.93000031,14.05037078
19.4333,-99.1333,2250,74.71180556,13,1,0.176423892,0.198638856,0.146240503,0.068122037,0.093148224,0.828915521,0.386127048,0.527979645,0.808553221,0.376641842,0.515009832,27.75,32.68999863,98.29000092,128.5699921,0,0,308.0899963,308.0899963,733.9588697,733.9588697,nan,nan,25.83634737,17.62999916,11.14517162
19.4333,-99.1333,2250,75.73958333,13,1,0.119778216,0.130749956,0.097038843,0.044237033,0.060826939,0.81015435,0.369324523,0.507829726,0.795579265,0.362680189,0.498693613,53.04999924,25.36999893,-78.54999542,145.0299988,0,0,310.9799805,310.9799805,733.9588697,733.9588697,nan,nan,28.23675043,16.19000053,10.19266545
19.4333,-99.1333,2250,77.73263889,13,1,0.12472526,0.13989526,0.101224951,0.045641732,0.063470922,0.811583408,0.365938155,0.50888587,0.792310095,0.357247933,0.496800956,36.96999741,26.43000031,-79.30999756,138.5500031,0,0,309.1799927,309.1799927,733.9588697,733.9588697,nan,nan,28.17434959,19.29999924,11.89612843
19.4333,-99.1333,2250,78.69444444,13,1,0.182363659,0.193151116,0.140990615,0.050316814,0.076413237,0.773128899,0.2759147,0.419015702,0.764089182,0.272688601,0.414116411,59.88999939,36.27000046,96.09999847,119.9300003,0,0,305.039978,305.039978,733.9588697,733.9588697,nan,nan,46.63144587,21.43000031,14.42044624
19.4333,-99.1333,2250,81.71527778,13,1,0.160361156,0.184087947,0.130788475,0.058225364,0.081210725,0.815587008,0.363088949,0.506423919,0.792146064,0.352653339,0.491868691,15.21000004,29.32999992,98.94999695,127.1999969,0,0,305.1999817,305.1999817,733.9588697,733.9588697,nan,nan,28.57606864,21.31999969,13.08825997
19.4333,-99.1333,2250,82.74305556,13,1,0.130310684,0.133702204,0.101686537,0.042051978,0.060632043,0.780339216,0.322705529,0.465288344,0.776298364,0.321034455,0.462878929,58.72999954,21.95999908,-78.00999451,145.5699921,0,0,309.6499939,309.6499939,733.9588697,733.9588697,nan,nan,40.83873474,18.36999893,13.5914047
19.4333,-99.1333,2250,83.70486111,13,1,0.191027328,0.214026779,0.171748802,0.107643791,0.129488915,0.899079747,0.563499429,0.677855448,0.877939192,0.550249558,0.661916661,38.62999725,31.09999847,97.02999878,122.3199997,0,0,304.6000061,304.6000061,733.9588697,733.9588697,nan,nan,12.57582204,6.980000019,5.137282755
19.4333,-99.1333,2250,84.73611111,13,1,0.1275675,0.142119169,0.110433057,0.062435493,0.078578763,0.865683321,0.48943103,0.615977916,0.846374084,0.478514174,0.602238407,45.75999832,23,-79.59999847,138.2099915,0,0,310.1600037,310.1600037,733.9588697,733.9588697,nan,nan,18.5505633,9.929999352,7.362175646
19.4333,-99.1333,2250,86.72569444,13,1,0.145401761,0.169024035,0.131515726,0.086432427,0.102179423,0.904498856,0.594438655,0.702738553,0.87603438,0.575731739,0.680623451,25.8599987,24.36999893,-81.56999969,131.5200043,0,0,310.5499878,310.5499878,733.9588697,733.9588697,nan,nan,11.45100843,6.929999828,5.183571163
19.4333,-99.1333,2250,87.6875,13,1,0.198530346,0.212297916,0.172880411,0.097541384,0.122733943,0.870800935,0.491317253,0.618212508,0.858888591,0.484596153,0.609755512,64.69999695,35.09000015,95.76999664,114.0099945,0,0,304.7999878,304.7999878,733.9588697,733.9588697,nan,nan,19.91381899,6.659999847,5.590504103
19.4333,-99.1333,2250,88.71875,13,1,0.161446467,0.190569863,0.143173158,0.083967187,0.104399942,0.886815059,0.520093057,0.646653617,0.85593458,0.50198249,0.624135987,1.399999976,25.98999977,122.5199966,125.5599976,0,0,309.6600037,309.6600037,733.9588697,733.9588697,nan,nan,15.70526526,10.36999989,7.433368876
19.4333,-99.1333,2250,90.71180556,13,1,0.193766266,0.224038452,0.167897791,0.091569625,0.117165469,0.866496496,0.472577744,0.604674234,0.840242217,0.458258946,0.586352999,28.1099987,27.84000015,97.87999725,120.2900009,0,0,309.2399902,309.2399902,733.9588697,733.9588697,nan,nan,16.1582961,12.07999992,7.13508768
19.4333,-99.1333,2250,91.73958333,13,1,0.130180866,0.134153575,0.106958754,0.05221751,0.069096625,0.821616556,0.40111509,0.530774048,0.816632348,0.398681788,0.52755419,52.84000015,19.60000038,-79.13999939,137.7899933,0,0,309.9899902,309.9899902,733.9588697,733.9588697,nan,nan,20.55103692,13.67999935,7.563820708
19.4333,-99.1333,2250,93.73263889,13,1,0.145111203,0.16265671,0.116203994,0.049575739,0.070190489,0.80079271,0.341639636,0.48370138,0.781885046,0.33357312,0.472280618,36.68999863,21.02000046,-80.68999481,130.1699982,0,0,309.4599915,309.4599915,733.9588697,733.9588697,nan,nan,37.34277443,22.28999901,16.10742314
19.4333,-99.1333,2250,94.69444444,13,1,0.1931189,0.212607116,0.145805165,0.048398141,0.076771855,0.755002049,0.250613176,0.397536727,0.740065595,0.245655213,0.389672127,60.11999893,32.00999832,95.65000153,111.5299988,0,0,303.9599915,303.9599915,733.9588697,733.9588697,nan,nan,61.87125659,25.29999924,19.41611529
19.4333,-99.1333,2250,95.72222222,13,1,0.157888994,0.176255107,0.125220612,0.050805677,0.073669247,0.793092722,0.32178099,0.466588871,0.77506124,0.314465089,0.455980668,12.63000011,22.72999954,-82.58000183,123.5299988,0,0,304.1799927,304.1799927,733.9588697,733.9588697,nan,nan,38.93021774,26.76999855,18.45907688
19.4333,-99.1333,2250,98.74305556,13,1,0.140780985,0.142979384,0.105293684,0.037607469,0.057778969,0.747925463,0.267134575,0.410417424,0.745596855,0.266302872,0.409139621,58.61999893,16.27000046,-78.34999847,137.2599945,0,0,311.3800049,311.3800049,733.9588697,733.9588697,nan,nan,56.14715218,24.48999977,18.95475435
19.4333,-99.1333,2250,99.70486111,13,1,0.20187743,0.214433163,0.16772458,0.076300636,0.104724884,0.83082383,0.377955257,0.518754791,0.820616212,0.373311645,0.512381297,38.91999817,26.76999855,97.87999725,112.909996,0,0,306.3800049,306.3800049,733.9588697,733.9588697,nan,nan,28.62008187,16.93000031,11.89850106
19.4333,-99.1333,2250,100.7361111,13,1,0.145754337,0.157646611,0.113681473,0.046245638,0.067130819,0.779952589,0.317284817,0.460575104,0.767429488,0.312190418,0.453180002,45.46999741,17.77000046,-79.5,128.3899994,0,0,309.8099976,309.8099976,733.9588697,733.9588697,nan,nan,37.77801123,23.09000015,15.25731106
19.4333,-99.1333,2250,102.7256944,13,1,0.158374414,0.186575189,0.131114215,0.062526487,0.08500129,0.82787498,0.394801694,0.536710999,0.799405904,0.3812252,0.518254509,25.39999962,19.59000015,-79.93000031,120.9699936,0,0,310.2799988,310.2799988,733.9588697,733.9588697,nan,nan,27.61466353,18.47999954,12.73475293
19.4333,-99.1333,2250,177.7152778,13,1,0.261547953,0.292960495,0.199886471,0.071990117,0.11154566,0.764244066,0.275246342,0.426482633,0.746317167,0.268789879,0.416478615,16.84000015,20.87999916,98.5,75.23999786,0,0,298,298,733.9588697,733.9588697,nan,nan,56.35193374,33.72999954,26.64279795
19.4333,-99.1333,2250,185.7465278,13,1,0.15380913,0.154992253,0.117394991,0.044216238,0.066635139,0.763251122,0.287474729,0.433232665,0.762078718,0.287033149,0.43256719,62.95999908,10.14999962,-77.43000031,68.45999908,0,0,300.1600037,300.1600037,733.9588697,733.9588697,nan,nan,51.02327969,19.89999962,15.8675452
19.4333,-99.1333,2250,187.7395833,13,1,0.190485105,0.192096129,0.139492586,0.046103794,0.072677746,0.732301806,0.242033592,0.381540312,0.731065212,0.241624884,0.380896028,52.11999893,12.88000011,-79.08999634,73.06999969,0,0,300.8699951,300.8699951,733.9588697,733.9588697,nan,nan,61.51245334,31.51999855,23.17334137
19.4333,-99.1333,2250,194.7430556,13,1,0.145902589,0.152366087,0.109867014,0.038207404,0.059114527,0.753016206,0.261869269,0.405164346,0.746403061,0.259569479,0.401606108,58.06999969,11.56999969,-78.08999634,75.97000122,0,0,301.1999817,301.1999817,733.9588697,733.9588697,nan,nan,51.74165708,25.59000015,17.77136064
19.4333,-99.1333,2250,195.7048611,13,1,0.204223722,0.228955478,0.164561778,0.067008965,0.096675322,0.80579169,0.32811548,0.47337949,0.786736725,0.320356367,0.462185245,39.77999878,24.29999924,97.94999695,80.15999603,0,0,296.6399841,296.6399841,733.9588697,733.9588697,nan,nan,33.60389677,22.43000031,14.01076821
19.4333,-99.1333,2250,196.7361111,13,1,0.272758007,0.230775729,0.22126694,0.104832821,0.141005278,0.811220696,0.384343696,0.516961094,0.836986086,0.396550936,0.533380429,44.77999878,14.38000011,-79.93999481,79.01999664,0,0,300.3500061,300.3500061,733.9588697,733.9588697,nan,nan,45.25436566,14.78999996,18.53807407
19.4333,-99.1333,2250,198.7256944,13,1,0.161032155,0.169161841,0.131894022,0.060489651,0.081347138,0.819053946,0.375637094,0.505160833,0.810866648,0.37188221,0.500111224,24.38999939,17.23999977,-80.61999512,80.98999786,0,0,299.0299988,299.0299988,733.9588697,733.9588697,nan,nan,35.67198218,19.65999985,16.63005403
19.4333,-99.1333,2250,199.6875,13,1,0.199248299,0.209429279,0.15418072,0.05502902,0.084103398,0.773811978,0.276183134,0.422103468,0.765984088,0.273389263,0.417833465,65.18999481,30.1099987,95.70999908,81.34999847,0,0,298.0400085,298.0400085,733.9588697,733.9588697,nan,nan,49.97054545,19.34000015,14.1193798
19.4333,-99.1333,2250,200.71875,13,1,0.19166103,0.217743784,0.152492598,0.060920082,0.089398176,0.795636951,0.317853254,0.466438981,0.774555422,0.309431281,0.454080018,3,20.11999893,100.8399963,82.29999542,0,0,298.3399963,298.3399963,733.9588697,733.9588697,nan,nan,41.95146618,27.68999863,20.30206699
19.4333,-99.1333,2250,201.7465278,13,1,0.158125758,0.157105088,0.11625769,0.03935153,0.061946414,0.735222972,0.24886224,0.391754102,0.736173342,0.249183927,0.392260495,62.95999908,10.14999962,-77.31999969,81.40999603,0,0,303.6699829,303.6699829,733.9588697,733.9588697,nan,nan,58.79263304,24.75,18.28370829
19.4333,-99.1333,2250,201.75,13,1,0.153681532,0.155896843,0.113462865,0.038239729,0.059990216,0.738298638,0.24882449,0.390354101,0.73617625,0.248109194,0.389231949,62.95999908,10.14999962,-77.73999786,81.29999542,0,0,292.019989,292.019989,733.9588697,733.9588697,nan,nan,58.79263304,24.93999863,18.28370829
19.4333,-99.1333,2250,202.7118056,13,1,0.222859249,0.260024041,0.182964549,0.090921767,0.120336339,0.820987012,0.407978434,0.53996565,0.794488667,0.394810438,0.522537608,29.40999985,23.01999855,97.25999451,83.22000122,0,0,299.5799866,299.5799866,733.9588697,733.9588697,nan,nan,44.70823747,17.77999878,20.00853615
19.4333,-99.1333,2250,206.6944444,13,1,0.204212606,0.209882945,0.153898537,0.049826447,0.079698004,0.753619183,0.243993003,0.390269755,0.749457171,0.242645503,0.388114413,60.56999969,28.82999992,96.11999512,84.33999634,0,0,297.7999878,297.7999878,733.9588697,733.9588697,nan,nan,63.17663838,25.36999893,19.88781827
19.4333,-99.1333,2250,212.7361111,13,1,0.17285648,0.185492724,0.134374574,0.053866666,0.077880874,0.777376549,0.311626535,0.450552241,0.766174689,0.307136051,0.444059862,44.77999878,14.5199995,-79.43000031,92.09999847,0,0,298.8399963,298.8399963,733.9588697,733.9588697,nan,nan,45.84689136,24.20999908,18.77579627
19.4333,-99.1333,2250,218.7118056,13,1,0.232870475,0.263569176,0.182038799,0.067716382,0.103004113,0.781716958,0.290789902,0.442323627,0.761636062,0.283320035,0.430961132,29.40999985,23.29999924,97.25999451,92.77999878,0,0,296.7299805,296.7299805,733.9588697,733.9588697,nan,nan,48.14269214,29.1099987,21.52367526
19.4333,-99.1333,2250,220.7013889,13,1,0.23177956,0.254091054,0.183493003,0.072743729,0.107156321,0.791670339,0.313848765,0.462319979,0.776716725,0.307920574,0.453587361,48.2899971,26.23999977,96.83999634,92.79999542,0,0,297.3599854,297.3599854,733.9588697,733.9588697,nan,nan,49.12496192,21.93000031,18.76550177
19.4333,-99.1333,2250,227.7048611,13,1,0.230934918,0.263845891,0.181994125,0.067587718,0.101543047,0.788075389,0.292669983,0.43970417,0.766235844,0.284559364,0.427518866,39.86999893,25.02999878,96.95999908,98.43999481,0,0,296.1600037,296.1600037,733.9588697,733.9588697,nan,nan,46.24959443,26.95999908,19.21799457
19.4333,-99.1333,2250,228.7361111,13,1,0.157299832,0.172731906,0.119559012,0.041717395,0.064422526,0.760070823,0.265209408,0.409552413,0.745444295,0.260105814,0.401671134,44.77999878,15.25999928,-80.06999969,109.6699982,0,0,297.9299927,297.9299927,733.9588697,733.9588697,nan,nan,52.55646442,30.32999992,21.49230728
19.4333,-99.1333,2250,230.7256944,13,1,0.179155439,0.20853743,0.139752299,0.052394718,0.078600898,0.780061712,0.292453962,0.438730182,0.755287851,0.283165961,0.424796617,24.38999939,18.14999962,-81.05999756,107.75,0,0,296.7099915,296.7099915,733.9588697,733.9588697,nan,nan,45.99607514,30.48999977,21.39003895
19.4333,-99.1333,2250,235.7395833,13,1,0.182906553,0.188906506,0.145542845,0.063046128,0.087984197,0.79572242,0.344690371,0.481033595,0.79053597,0.342443709,0.47789826,52.11000061,14.72999954,-78.86999512,120.9799957,0,0,300.6799927,300.6799927,733.9588697,733.9588697,nan,nan,42.27089434,18.37999916,15.87785023
19.4333,-99.1333,2250,236.7013889,13,1,0.252341777,0.271134943,0.21021317,0.104645297,0.138978705,0.833049414,0.414696679,0.55075583,0.820823244,0.408610423,0.542672715,48.2899971,26.89999962,96.22999573,104.1199951,0,0,297.3299866,297.3299866,733.9588697,733.9588697,nan,nan,33.54721524,13.42999935,12.78342239
19.4333,-99.1333,2250,241.7152778,13,1,0.223321125,0.265351713,0.177630723,0.067748256,0.100975856,0.795404925,0.303366983,0.452155416,0.766550884,0.292362069,0.435753065,16.93000031,23.18000031,97.86999512,112.6699982,0,0,297.2999878,297.2999878,733.9588697,733.9588697,nan,nan,45.20546758,29.23999977,21.1921973
19.4333,-99.1333,2250,243.7048611,13,1,0.219763085,0.241533592,0.169113457,0.062163342,0.093800351,0.769526224,0.282865258,0.426824873,0.754576031,0.277369812,0.41853261,39.77999878,26.05999947,97.11000061,110.9899979,0,0,296.5899963,296.5899963,733.9588697,733.9588697,nan,nan,55.30391883,28.51999855,22.90590664
19.4333,-99.1333,2250,244.7361111,13,1,0.149048865,0.16388607,0.115308516,0.043307699,0.065137588,0.773628943,0.29056041,0.437021695,0.758527284,0.284888513,0.428490793,44.77999878,17.35000038,-79.29999542,128.0899963,0,0,300.9799805,300.9799805,733.9588697,733.9588697,nan,nan,41.69801509,26.36999893,16.97468511
19.4333,-99.1333,2250,247.6875,13,1,0.20137459,0.198032543,0.156400859,0.056334429,0.085269883,0.776666307,0.279749438,0.42343914,0.77925283,0.280681084,0.424849314,65.18000031,31.8599987,95.61000061,108.3999939,0,0,296.6499939,296.6499939,733.9588697,733.9588697,nan,nan,48.97881035,18.31999969,13.75945612
19.4333,-99.1333,2250,252.7013889,13,1,0.199518681,0.227956668,0.150168091,0.050529912,0.080045223,0.752651785,0.253259053,0.401191623,0.731790921,0.246239601,0.390072,48.2899971,28.38999939,96.22999573,116.4599991,0,0,297.7599792,297.7599792,733.9588697,733.9588697,nan,nan,56.16244544,30.82999992,21.27643751
19.4333,-99.1333,2250,264.71875,13,1,0.189741164,0.211087421,0.146499813,0.058266349,0.085292041,0.772103476,0.307083333,0.449517855,0.755113132,0.300325882,0.439626094,3,25.78999901,93.90999603,134.3899994,0,0,294.4299927,294.4299927,733.9588697,733.9588697,nan,nan,52.03087169,29.64999962,24.63587194
19.4333,-99.1333,2250,266.7083333,13,1,0.210097328,0.22756438,0.163500637,0.060341384,0.090965092,0.778213786,0.287206815,0.432966441,0.765485611,0.282509367,0.425885003,29.40999985,28.3599987,98.34999847,131,0,0,296.6199951,296.6199951,733.9588697,733.9588697,nan,nan,49.5439038,28.80999947,21.68863396
19.4333,-99.1333,2250,267.7395833,13,1,0.168152571,0.16821982,0.132241279,0.053927876,0.076625623,0.786436261,0.320708009,0.455691058,0.786373362,0.320682359,0.455654612,52.11000061,22.27999878,-79.09999847,152.1100006,0,0,299.4799805,299.4799805,733.9588697,733.9588697,nan,nan,47.32544308,20.38999939,17.4700009
19.4333,-99.1333,2250,271.7222222,13,1,0.157939509,0.183013052,0.123321228,0.045671601,0.068972379,0.780813039,0.289171476,0.436701238,0.756784512,0.280272592,0.423262314,11.36999989,26.56999969,-83.75,142.0599976,0,0,297.8200073,297.8200073,733.9588697,733.9588697,nan,nan,47.41225871,31.38999939,22.17494278
19.4333,-99.1333,2250,276.7361111,13,1,0.128664434,0.144484028,0.111043043,0.063929461,0.080274753,0.863043811,0.496869717,0.623907873,0.842330508,0.484944699,0.608933902,44.77999878,25.76000023,-79.55999756,154.0599976,0,0,296.0799866,296.0799866,733.9588697,733.9588697,nan,nan,14.70936538,9.719999313,5.839001369
19.4333,-99.1333,2250,277.6979167,13,1,0.187776595,0.204406947,0.149367973,0.059512954,0.087255664,0.795455754,0.316934888,0.464678061,0.781611144,0.311418755,0.456590513,55.09000015,33.97999954,96.08999634,131.8099976,0,0,295.9700012,295.9700012,733.9588697,733.9588697,nan,nan,46.35209829,19.02000046,15.69500281
19.4333,-99.1333,2250,279.6875,13,1,0.188821584,0.199859142,0.156354725,0.074437656,0.100393571,0.828055364,0.394222175,0.531684826,0.818486445,0.389666586,0.525540733,65.18999481,36.59999847,95.29999542,129.2799988,0,0,293.3099976,293.3099976,733.9588697,733.9588697,nan,nan,29.86954152,10.56999969,8.231301482
19.4333,-99.1333,2250,280.71875,13,1,0.153229922,0.177800059,0.133241221,0.075634494,0.09508463,0.86955093,0.493601337,0.620535655,0.842531262,0.478263599,0.60125367,2.919999838,29.89999962,104.4300003,144.75,0,0,296.6900024,296.6900024,733.9588697,733.9588697,nan,nan,18.09158397,11.67999935,8.395790086
19.4333,-99.1333,2250,281.7465278,13,1,0.132024273,0.135446876,0.111381263,0.061366353,0.077937461,0.843642307,0.464811142,0.590326759,0.839290745,0.462413616,0.587281815,63.07999802,26,-77.93999481,166.2299957,0,0,301.4899902,301.4899902,733.9588697,733.9588697,nan,nan,19.63935017,8.289999962,5.913069857
19.4333,-99.1333,2250,281.75,13,1,0.128550619,0.12841776,0.109010063,0.06032227,0.076453321,0.847993297,0.469249159,0.594733198,0.848168615,0.469346174,0.594856157,63.07999802,25.95999908,-78.25999451,166.1900024,0,0,285.7999878,285.7999878,733.9588697,733.9588697,nan,nan,19.63711236,7.899999619,5.913069857
19.4333,-99.1333,2250,284.7013889,13,1,0.172831491,0.190644518,0.134539142,0.048594106,0.073832415,0.778441138,0.281164653,0.42719307,0.762719078,0.275486012,0.418565115,48.18999863,34.57999802,97.31999969,137.6699982,0,0,298.2399902,298.2399902,733.9588697,733.9588697,nan,nan,49.1893905,25.09000015,18.12042719
19.4333,-99.1333,2250,285.7326389,13,1,0.135961324,0.152446538,0.109636232,0.048110012,0.067730531,0.806378087,0.353850717,0.498160279,0.787286501,0.345473045,0.486365973,35.63999939,29.26999855,-79.84999847,155.3199921,0,0,300.769989,300.769989,733.9588697,733.9588697,nan,nan,33.90732019,20.35000038,14.26573598
19.4333,-99.1333,2250,286.6944444,13,1,0.180504292,0.194145322,0.134003744,0.044537801,0.069229543,0.742385358,0.246740954,0.383534055,0.73133175,0.243067151,0.377823497,60.56999969,37.06999969,96.22000122,134.7599945,0,0,298.2599792,298.2599792,733.9588697,733.9588697,nan,nan,74.85425886,25.80999947,22.76271821
19.4333,-99.1333,2250,289.7152778,13,1,0.154925078,0.179587901,0.12623091,0.054909144,0.077607282,0.814786811,0.354423856,0.500934274,0.789645764,0.34348776,0.485477455,16.84000015,33.27000046,97.86000061,146.6799927,0,0,300.3099976,300.3099976,733.9588697,733.9588697,nan,nan,32.03055438,21.53999901,14.29399075
19.4333,-99.1333,2250,291.7048611,13,1,0.273717701,0.296759009,0.234747499,0.125727624,0.161825493,0.857626299,0.459333186,0.591213108,0.843426523,0.451727975,0.581424353,39.77999878,35.48999786,97.37999725,143.0500031,0,0,297.7399902,297.7399902,733.9588697,733.9588697,nan,nan,30.7011074,11.11999989,12.13771107
19.4333,-99.1333,2250,292.7361111,13,1,0.121449761,0.132426783,0.094152473,0.036652878,0.054149106,0.775238025,0.301794566,0.445856012,0.761473144,0.296435997,0.437939533,44.77999878,31,-79.68999481,160.6499939,0,0,301.8699951,301.8699951,733.9588697,733.9588697,nan,nan,40.94764835,24.34000015,15.89923401
19.4333,-99.1333,2250,294.7256944,13,1,0.140532792,0.152290568,0.117531091,0.059907962,0.07838022,0.836325029,0.426291693,0.55773616,0.822560999,0.419275889,0.548557077,24.47999954,32.70999908,-81.26999664,155.9599915,0,0,299.9100037,299.9100037,733.9588697,733.9588697,nan,nan,26.29351792,14.81999969,11.49571446
19.4333,-99.1333,2250,295.6875,13,1,0.170076013,0.173568964,0.132110074,0.048153803,0.072557323,0.776770764,0.283131066,0.426617026,0.773593216,0.281972858,0.424871857,65.18999481,40.23999786,95.5,136.9499969,0,0,296.7299805,296.7299805,733.9588697,733.9588697,nan,nan,49.0071282,17.72999954,13.26961043
19.4333,-99.1333,2250,296.71875,13,1,0.138246164,0.160380408,0.118126519,0.06178439,0.080723479,0.854465078,0.446915768,0.583911172,0.827952791,0.433048895,0.565793614,2.909999847,34.59000015,99.11000061,151.6999969,0,0,299.2799988,299.2799988,733.9588697,733.9588697,nan,nan,22.4346713,14.00999928,10.12390141
19.4333,-99.1333,2250,297.7465278,13,1,0.120158769,0.124713495,0.097524352,0.045285612,0.062315084,0.811629089,0.376881459,0.518606211,0.80552228,0.374045751,0.514704146,63.07999802,31.59999847,-77.83999634,170.269989,0,0,302.539978,302.539978,733.9588697,733.9588697,nan,nan,28.46938813,12.32999992,8.415851659
19.4333,-99.1333,2250,298.7083333,13,1,0.160749719,0.184376717,0.137813643,0.074875757,0.096162021,0.857318096,0.465790907,0.598209578,0.832836043,0.452489522,0.581126772,29.31999969,36.61000061,97.98999786,147.8699951,0,0,297.1699829,297.1699829,733.9588697,733.9588697,nan,nan,19.45723756,11.92000008,8.131926142
19.4333,-99.1333,2250,299.7395833,13,1,0.119309925,0.128503308,0.10197971,0.058452286,0.073409803,0.854746247,0.489919728,0.615286645,0.841773733,0.482484199,0.605948418,52.11000061,32.88999939,-78.40999603,165.1199951,0,0,302.6099854,302.6099854,733.9588697,733.9588697,nan,nan,13.41520033,8.859999657,4.758590539
19.4333,-99.1333,2250,301.7326389,13,1,0.119048461,0.133564994,0.103034034,0.059778083,0.074367426,0.865479766,0.502132346,0.624681961,0.844875284,0.490178078,0.609810154,35.63999939,34.36000061,-80.15999603,160.3999939,0,0,300.2299805,300.2299805,733.9588697,733.9588697,nan,nan,17.39797425,9.840000153,7.124912622
19.4333,-99.1333,2250,302.6944444,13,1,0.162992045,0.175178915,0.126916543,0.046133712,0.070254222,0.778667096,0.28304272,0.43102853,0.767194512,0.278872477,0.424677919,60.62999725,41.04999924,95.26999664,141.2700043,0,0,297.9199829,297.9199829,733.9588697,733.9588697,nan,nan,45.91432245,19.71999931,13.64478037
19.4333,-99.1333,2250,305.7152778,13,1,0.145970196,0.167939737,0.117006421,0.0482837,0.070092998,0.801577478,0.330777798,0.480187056,0.778153948,0.321111879,0.46615513,16.84000015,37.87999725,97.86000061,152.0800018,0,0,300.1600037,300.1600037,733.9588697,733.9588697,nan,nan,39.20837258,23.32999992,16.96046063
19.4333,-99.1333,2250,306.7430556,13,1,0.112369403,0.110761359,0.086486131,0.031260345,0.047491651,0.769659076,0.278192677,0.422638633,0.771868214,0.278991169,0.423851726,58.16999817,34.77000046,-78.72999573,168.8300018,0,0,301.2999878,301.2999878,733.9588697,733.9588697,nan,nan,46.64198944,21.32999992,14.98078656
19.4333,-99.1333,2250,308.7361111,13,1,0.125614852,0.138597131,0.09792088,0.038754448,0.057795923,0.779532662,0.308518044,0.460104219,0.76374605,0.302270128,0.450786474,44.77000046,36.06999969,-79.29999542,164.0999908,0,0,296.8800049,296.8800049,733.9588697,733.9588697,nan,nan,41.88917518,22.61999893,15.83270191
19.4333,-99.1333,2250,309.6979167,13,1,0.160094202,0.168253586,0.137553394,0.072070427,0.09305846,0.859202847,0.450175125,0.581273142,0.850533168,0.445632689,0.575407877,54.98999786,41.95999908,96.52999878,145.1199951,0,0,295.5299988,295.5299988,733.9588697,733.9588697,nan,nan,18.86864518,9.260000229,6.110708387
19.4333,-99.1333,2250,311.6875,13,1,0.158368364,0.169726446,0.127953574,0.054401647,0.077141851,0.807949081,0.34351335,0.487103922,0.79652384,0.338655714,0.480215766,65.18999481,44.18000031,95.08999634,142.0800018,0,0,297.3699951,297.3699951,733.9588697,733.9588697,nan,nan,38.35390166,13,10.1530813
19.4333,-99.1333,2250,317.7326389,13,1,0.108310781,0.116267934,0.091468222,0.04646584,0.061064381,0.844497854,0.429004755,0.563788576,0.832269167,0.422792584,0.555624678,35.73999786,39,-80.61999512,162.7399902,0,0,303.1399841,303.1399841,733.9588697,733.9588697,nan,nan,25.0768452,12.89999962,9.955955669
19.4333,-99.1333,2250,319.7222222,13,1,0.116796434,0.135370046,0.098015703,0.05009127,0.065978609,0.839201164,0.428876711,0.564902599,0.813333025,0.415656707,0.547489635,11.44999981,40.46999741,-80.08999634,158.6100006,0,0,301.4400024,301.4400024,733.9588697,733.9588697,nan,nan,22.77666545,14.81999969,9.755274851
19.4333,-99.1333,2250,321.7152778,13,1,0.131172702,0.138474688,0.111744493,0.057852373,0.075568877,0.851888326,0.441039727,0.576102163,0.842508349,0.436183524,0.569758814,16.76000023,42.09999847,99.72999573,154.75,0,0,297.4799805,297.4799805,733.9588697,733.9588697,nan,nan,25.2237925,12.55000019,10.54455146
19.4333,-99.1333,2250,324.7361111,13,1,0.100540243,0.112223849,0.082202032,0.038170092,0.052579347,0.817603277,0.379649886,0.522968171,0.799032445,0.371026615,0.511089605,44.86999893,40.34999847,-79.43000031,165.1799927,0,0,299.8800049,299.8800049,733.9588697,733.9588697,nan,nan,30.29273418,15.60999966,11.12405713
19.4333,-99.1333,2250,327.6875,13,1,0.151896894,0.160018846,0.118556351,0.045495499,0.067975543,0.78050543,0.299515663,0.447511082,0.772246994,0.296346523,0.442776021,65.18999481,47.84000015,94.88999939,144.6999969,0,0,296.1499939,296.1499939,733.9588697,733.9588697,nan,nan,42.95813193,17.38999939,11.09162661
19.4333,-99.1333,2250,328.71875,13,1,0.115263283,0.134021178,0.098687753,0.053737532,0.069105364,0.856194187,0.466215526,0.599543605,0.829205288,0.45151951,0.58064483,2.730000019,43.11000061,95.33999634,157.0899963,0,0,298.0899963,298.0899963,733.9588697,733.9588697,nan,nan,16.93684143,12.13999939,7.143577973
19.4333,-99.1333,2250,329.7465278,13,1,0.101437554,0.102889463,0.080252089,0.034621511,0.048963282,0.791147712,0.341308612,0.482693839,0.788889385,0.340334348,0.481315992,63.07999802,40.59000015,-77.73999786,171.5099945,0,0,303.6600037,303.6600037,733.9588697,733.9588697,nan,nan,37.25959035,14.13000011,10.56829999
19.4333,-99.1333,2250,330.7083333,13,1,0.130113646,0.148796186,0.107584819,0.048248868,0.067472853,0.826852695,0.370820969,0.51856861,0.803770603,0.360469277,0.504092454,29.22999954,44.73999786,97.79999542,153.3999939,0,0,301.2599792,301.2599792,733.9588697,733.9588697,nan,nan,31.73445069,17.07999992,12.42659575
19.4333,-99.1333,2250,331.7395833,13,1,0.105200537,0.113435917,0.085536964,0.04068125,0.0548613,0.813084867,0.386701929,0.521492585,0.800551011,0.380740846,0.513453679,52.20999908,41.52000046,-79.09999847,167.1399994,0,0,304.9700012,304.9700012,733.9588697,733.9588697,nan,nan,32.78624602,13.98999977,11.04828774
19.4333,-99.1333,2250,333.7326389,13,1,0.096316181,0.109197505,0.083875611,0.049662564,0.061450515,0.87083614,0.515620152,0.638008216,0.848149833,0.502187639,0.62138735,35.73999786,42.63999939,-80.15999603,162.9400024,0,0,302.5099792,302.5099792,733.9588697,733.9588697,nan,nan,15.32646702,8.710000038,5.914339191
19.4333,-99.1333,2250,334.6944444,13,1,0.14847979,0.160152808,0.122441456,0.056648083,0.077788428,0.824633818,0.381520496,0.523899096,0.811868504,0.375614567,0.515789149,60.56999969,48.39999771,95.37999725,146.7099915,0,0,298.5499878,298.5499878,733.9588697,733.9588697,nan,nan,31.28525553,12.68999958,8.834249621
19.4333,-99.1333,2250,337.7152778,13,1,0.210850224,0.233794332,0.179460406,0.098657824,0.12744008,0.851127416,0.467904763,0.604410456,0.832998521,0.457938457,0.591536598,16.75,45.40999985,98.16999817,155.1799927,0,0,297.5700073,297.5700073,733.9588697,733.9588697,nan,nan,32.36974813,12.30000019,13.11178803
19.4333,-99.1333,2250,340.7361111,13,1,0.139050499,0.156899601,0.112642564,0.059689898,0.07843028,0.810083855,0.429267774,0.564041704,0.789807263,0.418523099,0.549923605,44.86999893,43.39999771,-79.55999756,164.4700012,0,0,299.4299927,299.4299927,733.9588697,733.9588697,nan,nan,40.57004294,13.03999996,14.5551284
19.4333,-99.1333,2250,341.6979167,13,1,0.14425841,0.157410547,0.112724029,0.042493232,0.063799411,0.781403516,0.294563289,0.442257829,0.767410449,0.289288365,0.43433805,54.97999954,48.7899971,96.30999756,148.2799988,0,0,296.5700073,296.5700073,733.9588697,733.9588697,nan,nan,51.15923825,21.46999931,15.69089245
19.4333,-99.1333,2250,344.71875,13,1,0.107379653,0.121373482,0.083655909,0.033289753,0.048911884,0.779066673,0.31001919,0.455504215,0.759276725,0.302144044,0.443933441,2.829999924,45.84999847,93.56999969,156.5699921,0,0,300.0400085,300.0400085,733.9588697,733.9588697,nan,nan,42.80952737,27.70999908,17.56727665
19.4333,-99.1333,2250,345.7465278,13,1,0.11505945,0.106775716,0.086975373,0.032171346,0.048125565,0.755916816,0.279606292,0.418266948,0.766960316,0.283691175,0.424377582,63.07999802,43.04000092,-77.73999786,169.8999939,0,0,301.1199951,301.1199951,733.9588697,733.9588697,nan,nan,52.66323661,18.61999893,14.7228932
19.4333,-99.1333,2250,346.7083333,13,1,0.121589974,0.134324476,0.09895052,0.041267887,0.058727946,0.813804932,0.339402054,0.482999908,0.7971082,0.332438585,0.473090261,29.31999969,47.32999802,98.34999847,152.9100037,0,0,299.4799805,299.4799805,733.9588697,733.9588697,nan,nan,37.5576999,21.18999863,14.32221414
19.4333,-99.1333,2250,347.7395833,13,1,0.109269433,0.111118354,0.083387204,0.032030433,0.047491301,0.763133856,0.293132605,0.434625675,0.760560006,0.292143945,0.433159797,52.21999741,43.84999847,-79.43999481,165.6600037,0,0,300.75,300.75,733.9588697,733.9588697,nan,nan,44.32121935,21.35000038,14.68092737
19.4333,-99.1333,2250,348.7013889,13,1,0.138967395,0.142141864,0.114562064,0.051301468,0.070969723,0.824380889,0.369161905,0.510693341,0.820631707,0.367483003,0.508370772,48.20000076,48.95000076,97.18999481,149.4499969,0,0,297.8599854,297.8599854,733.9588697,733.9588697,nan,nan,32.36627505,15.21999931,10.70657797
19.4333,-99.1333,2250,359.6875,13,1,0.145454526,0.152990133,0.115131579,0.047112517,0.068338729,0.791529714,0.323898599,0.469828828,0.783412417,0.320576953,0.465010638,65.18000031,52.21999741,94.79000092,143.7299957,0,0,297.4299927,297.4299927,733.9588697,733.9588697,nan,nan,32.3678593,14.85999966,8.062604118
19.4333,-99.1333,2250,361.7465278,13,1,0.098631784,0.096699707,0.081723608,0.040457055,0.053554218,0.828572743,0.410182735,0.5429712,0.831831658,0.411796052,0.545106797,63.07999802,43.75,-78.04999542,167.4100037,0,0,300.0899963,300.0899963,733.9588697,733.9588697,nan,nan,29.45617774,9.579999924,8.198012615
18.4317,-65.9919,4,23.62152778,13,1,0.198301345,0.195101276,0.131896436,0.025492324,0.053581167,0.665131324,0.128553458,0.270200724,0.667284974,0.128969705,0.271075615,21.5,45.18999863,97.20999908,145.7399902,0,0,299.4700012,299.4700012,1012.68682,1012.68682,nan,nan,99.29261646,55.90999985,39.81718041
18.4317,-65.9919,4,25.61111111,13,1,0.208189622,0.206781745,0.14258337,0.028505167,0.058321919,0.684872613,0.136919251,0.280138457,0.685800154,0.137104684,0.280517856,42.97999954,46.57999802,96.8299942,141.9700012,0,0,298.9899902,298.9899902,1012.68682,1012.68682,nan,nan,102.3248148,45.73999786,36.2627082
18.4317,-65.9919,4,30.625,13,1,0.169695452,0.180191591,0.122711793,0.030058906,0.055559084,0.723129531,0.17713442,0.327404672,0.714293322,0.174969944,0.323403984,7.509999752,43.07999802,98.54999542,145.6399994,0,0,299.4499817,299.4499817,1012.68682,1012.68682,nan,nan,79.41152013,37.84999847,33.39756831
18.4317,-65.9919,4,32.61458333,13,1,0.201697484,0.197245047,0.141435593,0.031341802,0.061113339,0.701226365,0.15539015,0.302995049,0.704335985,0.156079235,0.304338694,32.86999893,44.38999939,97.62999725,141.6799927,0,0,299.3999939,299.3999939,1012.68682,1012.68682,nan,nan,89.25633627,39.00999832,34.46181942
18.4317,-65.9919,4,46.625,13,1,0.231622279,0.235566318,0.161762953,0.037188355,0.07105577,0.698391164,0.160556036,0.306774332,0.69602081,0.160011106,0.305733134,6.609999657,39.12999725,96.23999786,141.0299988,0,0,299.269989,299.269989,1012.68682,1012.68682,nan,nan,94.27764689,43.90999985,41.06485506
18.4317,-65.9919,4,78.625,13,1,0.261849314,0.268065512,0.179727942,0.036396172,0.074132539,0.686379273,0.138996629,0.283111451,0.683135799,0.138339803,0.281773613,6.799999714,29.12999916,100.9000015,128.3699951,0,0,300.0599976,300.0599976,1012.68682,1012.68682,nan,nan,84.16002128,53.73999786,39.10997696
18.4317,-65.9919,4,94.625,13,1,0.27139619,0.288909078,0.200998247,0.052532263,0.093435936,0.740608211,0.193563009,0.34427873,0.731171873,0.191096758,0.33989216,7.259999752,24.36999893,102.159996,118.9599991,0,0,301.2799988,301.2799988,1012.68682,1012.68682,nan,nan,58.61084884,38.5,27.83176822
18.4317,-65.9919,4,110.625,13,1,0.273793489,0.294529527,0.203751057,0.054703821,0.096539453,0.744177878,0.199799567,0.35259952,0.733073854,0.196818318,0.347338313,7.889999867,20.78999901,101.8499985,106.6699982,0,0,301.7599792,301.7599792,1012.68682,1012.68682,nan,nan,73.34787056,37.61000061,35.27689466
18.4317,-65.9919,4,119.6215278,13,1,0.353124976,0.380071551,0.267569751,0.076554485,0.132160723,0.757719699,0.216791476,0.37426048,0.746329385,0.213532589,0.368634463,21.77000046,20.95999908,98.43999481,97.80999756,0,0,301.5299988,301.5299988,1012.68682,1012.68682,nan,nan,57.23915712,32.61999893,26.65192952
18.4317,-65.9919,4,247.6215278,13,1,0.347723872,0.31974712,0.230006144,0.041355554,0.089187883,0.661462046,0.118932168,0.256490538,0.672279945,0.120877248,0.260685319,22.22999954,24.07999992,97.44999695,114.8799973,0,0,302.519989,302.519989,1012.68682,1012.68682,nan,nan,97.6040063,60.43999863,44.86274484
18.4317,-65.9919,4,263.6215278,13,1,0.300879091,0.284016907,0.21105893,0.044690065,0.087977946,0.701474233,0.148531641,0.29240299,0.709425912,0.150215346,0.295717573,22.22999954,26.53999901,99.11999512,128.3399963,0,0,302.5799866,302.5799866,1012.68682,1012.68682,nan,nan,91.55229927,47.50999832,41.6509319
18.4317,-65.9919,4,302.625,13,1,0.081413046,0.075216189,0.053189803,0.012292678,0.021824945,0.653332676,0.150991496,0.268076752,0.663432273,0.15332561,0.272220838,8.68999958,35.77999878,98.48999786,151.6999969,0,0,300.8899841,300.8899841,1012.68682,1012.68682,nan,nan,92.36449302,53.30999756,41.15603716
18.4317,-65.9919,4,318.625,13,1,0.235115796,0.229515016,0.163873062,0.03591596,0.06980703,0.696988735,0.152758599,0.296904893,0.700325277,0.153489867,0.298326201,8.510000229,40.12999725,99.70999908,154.9299927,0,0,300.2099915,300.2099915,1012.68682,1012.68682,nan,nan,78.79883507,44.86000061,33.97917543
18.4317,-65.9919,4,343.6215278,13,1,0.187091872,0.192999214,0.13325201,0.029489562,0.057162751,0.712227678,0.157620754,0.305533051,0.707758249,0.156631639,0.303615745,22.13999939,45.71999741,97.90999603,153.5599976,0,0,300.019989,300.019989,1012.68682,1012.68682,nan,nan,78.88102034,44.30999756,31.40256749
25.7544,-80.3831,10,302.6909722,13,1,0.203937918,0.206677929,0.130776897,0.0218737,0.048838548,0.641258371,0.107256658,0.239477528,0.639539862,0.106969221,0.238835752,51.59000015,39.72999954,-77.83999634,169.5999908,0,0,303.5099792,303.5099792,1011.842526,1011.842526,nan,nan,112.1021211,52.40999985,38.52506935
30.4833,-86.5167,25,8.715277778,13,1,0.133988261,0.174864397,0.120591529,0.068079837,0.08663106,0.900015625,0.508102994,0.646557085,0.848259495,0.478884118,0.609376294,57.11000061,53.55999756,-75.75,168.6900024,0,0,290.1799927,290.1799927,1009.734279,1009.734279,nan,nan,16.10706712,5.819999695,4.5692739
30.4833,-86.5167,25,17.71180556,13,1,0.134967104,0.167246983,0.103161581,0.031418365,0.053181198,0.764346112,0.23278535,0.394030813,0.729453646,0.222158679,0.376043272,51.81999969,52.5399971,-76.55999756,165.6600037,0,0,291.7900085,291.7900085,1009.734279,1009.734279,nan,nan,49.70608839,23.27999878,15.23816129
30.4833,-86.5167,25,79.72222222,13,1,0.189523131,0.234756589,0.129641295,0.027338425,0.055404265,0.684039431,0.144248486,0.292335106,0.65287511,0.137676634,0.279016539,62.18000031,31.67000008,-74.27999878,163.9400024,0,0,298.5099792,298.5099792,1009.734279,1009.734279,nan,nan,102.8357609,36.50999832,30.99615136
30.4833,-86.5167,25,86.65625,13,1,0.188530967,0.21866636,0.134803504,0.035110291,0.063740633,0.715020488,0.186230897,0.338091055,0.692870365,0.18046178,0.327617567,64.26999664,40.31999969,93.86000061,127.8499985,0,0,298.1999817,298.1999817,1009.734279,1009.734279,nan,nan,78.95566699,25.03999901,21.84096126
30.4833,-86.5167,25,105.6770833,13,1,0.260224283,0.336010575,0.197127909,0.055027295,0.096661963,0.757530798,0.21146103,0.371456351,0.715835592,0.199822017,0.351011045,32.41999817,29.02999878,97.52999878,131.0099945,0,0,297.4199829,297.4199829,1009.734279,1009.734279,nan,nan,53.85825775,33.52000046,23.13178525
30.4833,-86.5167,25,149.6944444,13,1,0.227656648,0.315689504,0.175459847,0.050625708,0.087523289,0.770721386,0.222377464,0.384453035,0.715394048,0.20641378,0.356854523,15.61999989,16.14999962,-79.43000031,119.75,0,0,301.8800049,301.8800049,1009.734279,1009.734279,nan,nan,56.35919569,35.61000061,27.1031667
30.4833,-86.5167,25,231.6875,13,1,0.263713539,0.351486236,0.182562113,0.037025128,0.076350421,0.692274328,0.14039904,0.289520292,0.649068014,0.131636437,0.271450714,10.32999992,25.37999916,98.80999756,129.9100037,0,0,304.5700073,304.5700073,1009.734279,1009.734279,nan,nan,78.79558253,59.07999802,37.10994389
30.4833,-86.5167,25,321.7118056,13,1,0.151706979,0.200370222,0.138429776,0.08001449,0.101431921,0.912481265,0.527427876,0.668604187,0.857470858,0.495631035,0.628296303,51.61999893,49.77000046,-76.47999573,172.7200012,0,0,294.019989,294.019989,1009.734279,1009.734279,nan,nan,18.70265431,5.849999905,5.920507454
30.4833,-86.5167,25,344.7152778,13,1,0.134756997,0.16858311,0.111124836,0.044936132,0.066561669,0.824631286,0.333460471,0.4939385,0.785211228,0.317519975,0.470326633,57.11999893,53.73999786,-75.33000183,172.769989,0,0,292.0400085,292.0400085,1009.734279,1009.734279,nan,nan,36.24433811,12.80999947,10.25943264
32.835,-97.2986,201,234.7083333,13,1,0.287017196,0.330147415,0.214886829,0.061869837,0.106129319,0.748689737,0.21556143,0.369766411,0.726845062,0.20927195,0.35897766,36,29.59000015,97.40000153,130.0899963,0,0,312.039978,312.039978,985.2617402,985.2617402,nan,nan,48.97943339,31.78999901,20.52743915
32.835,-97.2986,201,236.6979167,13,1,0.283596396,0.318912357,0.202165723,0.047299586,0.09008649,0.712864216,0.166784863,0.317657386,0.695541213,0.162731897,0.309938132,51.06999969,32.02000046,95.79000092,126.8099976,0,0,313.4100037,313.4100037,985.2617402,985.2617402,nan,nan,64.613001,36.27000046,23.31880694
32.835,-97.2986,201,237.7291667,13,1,0.288413286,0.311642468,0.209186629,0.053651948,0.096902587,0.725301637,0.186024535,0.335985168,0.713803504,0.183075507,0.33065883,22.10000038,25.94999886,-79.84999847,144.8799896,0,0,313.7099915,313.7099915,985.2617402,985.2617402,nan,nan,59.49037079,40.38999939,27.14687064
32.835,-97.2986,201,264.7152778,13,1,0.257791817,0.283692539,0.210431635,0.085538283,0.124900706,0.816285163,0.331811475,0.484502214,0.800205597,0.325275298,0.474958263,14.7699995,35.95999908,99.43999481,149.7700043,0,0,301.5700073,301.5700073,985.2617402,985.2617402,nan,nan,26.77876662,17.72999954,11.79882105
32.835,-97.2986,201,280.7152778,13,1,0.229341358,0.260860115,0.168826282,0.046255976,0.081446372,0.736135355,0.201690512,0.355131638,0.71644297,0.196295082,0.345631497,14.67999935,41.16999817,98.02999878,155.5599976,0,0,304.3200073,304.3200073,985.2617402,985.2617402,nan,nan,56.52049283,34.73999786,23.92715316
32.835,-97.2986,201,282.7083333,13,1,0.239363849,0.265422791,0.184031919,0.058365688,0.095364943,0.768837564,0.243836686,0.398409966,0.752454007,0.238640644,0.389920043,36,42.96999741,97.54000092,151.9499969,0,0,306.1399841,306.1399841,985.2617402,985.2617402,nan,nan,43.4127543,24.40999985,16.67971055
25.9167,-97.4192,13,264.71875,13,1,0.263996869,0.273133606,0.191598088,0.050032117,0.089785434,0.725758938,0.18951784,0.340100375,0.720769876,0.188215044,0.337762434,1.379999995,29.98999977,93.91999817,144.5399933,0,0,304.7299805,304.7299805,1011.420592,1011.420592,nan,nan,62.07285887,38.77999878,28.80579058
25.9167,-97.4192,13,280.71875,13,1,0.251062125,0.260940492,0.189311624,0.052425396,0.091207579,0.754042943,0.208814435,0.363286891,0.748155512,0.207184049,0.360450412,1.269999981,34.82999802,118.2399979,152.1799927,0,0,305.6000061,305.6000061,1011.420592,1011.420592,nan,nan,55.28521357,32.71999741,24.92014733
27.7789,-97.5056,16,234.7083333,13,1,0.296080917,0.344776541,0.208460823,0.04436481,0.088413104,0.704067066,0.149840153,0.298611289,0.681645393,0.145068354,0.289101734,30.36999893,26.48999977,98.34999847,122.6299973,0,0,311.539978,311.539978,1010.9988,1010.9988,nan,nan,82.99971006,48.64999771,36.46176548
27.7789,-97.5056,16,264.7152778,13,1,0.243207097,0.28760612,0.188276574,0.063602246,0.100824945,0.774140953,0.261514763,0.414564155,0.746871705,0.25230286,0.399961061,6.079999924,31.6099987,97.84999847,145.9599915,0,0,305.0799866,305.0799866,1010.9988,1010.9988,nan,nan,45.32140132,27.19999886,20.79089121
27.7789,-97.5056,16,281.7465278,13,1,0.197011754,0.237567276,0.144630835,0.039312635,0.06988547,0.734122872,0.199544615,0.354727414,0.705093697,0.191654089,0.340700547,59.64999771,34.00999832,-76.11000061,171.0999908,0,0,307.539978,307.539978,1010.9988,1010.9988,nan,nan,63.99857539,26.18000031,20.09086118
27.7789,-97.5056,16,314.7083333,13,1,0.147763938,0.190888017,0.10971088,0.028412623,0.050446756,0.742473985,0.19228388,0.341401001,0.701526657,0.181679454,0.322572788,30.27999878,48.11000061,98.16999817,156.8600006,0,0,302.8299866,302.8299866,1010.9988,1010.9988,nan,nan,69.09582524,37.30999756,26.01838152
29.3744,-100.9183,318,27.73958333,13,1,0.141866073,0.153804809,0.110905416,0.037371904,0.059572056,0.781761375,0.263430875,0.419917565,0.768821347,0.259070461,0.412966921,26.59999847,50.80999756,-80.06999969,158.0899963,0,0,300.0099792,300.0099792,969.2601484,969.2601484,nan,nan,48.72323013,23.31999969,18.0395007
29.3744,-100.9183,318,157.7291667,13,1,0.284239262,0.294330686,0.205945507,0.051987883,0.094770506,0.724549821,0.182901835,0.333418069,0.719441317,0.181612269,0.331067275,1.179999948,16.94000053,-106.8600006,109.3799973,0,0,314.1099854,314.1099854,969.2601484,969.2601484,nan,nan,72.66097322,42.97999954,35.52114162
29.3744,-100.9183,318,158.7604167,13,1,0.237602249,0.246869281,0.164863259,0.036871251,0.070893847,0.693862366,0.155180563,0.298371951,0.688491815,0.153979453,0.296062528,61.59000015,8.929999352,-75.59999847,136.2899933,0,0,316.5099792,316.5099792,969.2601484,969.2601484,nan,nan,83.64784403,34.59999847,26.86107195
29.3744,-100.9183,318,264.7152778,13,1,0.27591753,0.321238309,0.222114414,0.084319614,0.125399977,0.805002908,0.305597161,0.454483544,0.779398905,0.295877308,0.440028196,34.77000046,34.70999908,97.94999695,141.9299927,0,0,309.1300049,309.1300049,969.2601484,969.2601484,nan,nan,38.80868172,19.85000038,15.94544317
29.3744,-100.9183,318,280.7152778,13,1,0.273652673,0.312110603,0.214737654,0.073512845,0.116367348,0.784708775,0.268635581,0.425237387,0.763255858,0.261291434,0.41361195,34.66999817,39.45000076,97.47999573,148.9299927,0,0,309.4400024,309.4400024,969.2601484,969.2601484,nan,nan,44.41299839,22.63999939,17.68788853
29.3744,-100.9183,318,281.7465278,13,1,0.237303302,0.254654676,0.179107741,0.054613218,0.090578817,0.754762952,0.230140994,0.381700618,0.743884537,0.226823967,0.376199158,44.29999924,36.18000031,-78.15000153,165.6499939,0,0,314,314,969.2601484,969.2601484,nan,nan,54.16172325,26.30999947,20.54577049
29.3744,-100.9183,318,282.7083333,13,1,0.267344594,0.307372034,0.205498964,0.065375984,0.106900938,0.768666987,0.244538267,0.399861977,0.746318876,0.237428597,0.388236449,50.64999771,41.5,96.01999664,145.5299988,0,0,309.9599915,309.9599915,969.2601484,969.2601484,nan,nan,52.26790851,22.38999939,17.94704731
29.3744,-100.9183,318,283.7395833,13,1,0.251335919,0.296264559,0.194655791,0.063643202,0.103436276,0.774484569,0.253219685,0.411545937,0.747751073,0.244479101,0.397340281,25.76999855,37.63999939,-79.33999634,161.2799988,0,0,315.1399841,315.1399841,969.2601484,969.2601484,nan,nan,48.78562101,26.36999893,20.55619513
29.3744,-100.9183,318,302.7604167,13,1,0.186309546,0.215573102,0.15649651,0.073262431,0.101504758,0.839981166,0.393229613,0.544817805,0.814397749,0.381252967,0.528224217,61.46999741,42.91999817,-74.79999542,175.769989,0,0,295.2900085,295.2900085,969.2601484,969.2601484,nan,nan,23.09148339,9,6.675246868
32.2278,-110.9558,747,300.7673611,13,1,0.148438275,0.15221262,0.118043862,0.046277724,0.067957021,0.79523871,0.311764093,0.457813333,0.79121506,0.310186668,0.455496945,25.20999908,46.02000046,-78.72000122,166.3499908,0,0,302.4899902,302.4899902,912.3750275,912.3750275,nan,nan,41.56765766,20.43000031,16.33081205
32.2278,-110.9558,747,302.7604167,13,1,0.170749396,0.17641066,0.14563334,0.072746277,0.096449941,0.852906911,0.426041196,0.564862562,0.847288473,0.423234693,0.561141588,1.309999943,47.34999847,-99.70999908,162.6399994,0,0,302.3999939,302.3999939,912.3750275,912.3750275,nan,nan,20.31681836,11.71999931,8.204715567
32.8333,-117.1167,116,63.78819444,13,1,0.140222818,0.146632299,0.119985029,0.061417528,0.0806536,0.85567407,0.437999525,0.575181712,0.847922488,0.434031671,0.569971121,35.45999908,41.86999893,-77.65000153,156.8399963,0,0,295.4700012,295.4700012,997.0202501,997.0202501,nan,nan,17.73578496,9.13999939,6.899449981
32.8333,-117.1167,116,223.7881944,13,1,0.181880862,0.186471731,0.149200738,0.061947309,0.088971518,0.82032126,0.340592781,0.489174712,0.816200902,0.338882032,0.486717656,34.04999924,21.59000015,-78.61000061,141.2200012,0,0,309.4599915,309.4599915,997.0202501,997.0202501,nan,nan,30.48853564,16.17000008,13.35820995
32.8333,-117.1167,116,224.75,13,1,0.20860672,0.238868833,0.162719816,0.055694934,0.087506324,0.780031516,0.26698533,0.419479891,0.758038135,0.259457544,0.407652444,55.88999939,30.73999977,95.06999969,118.9399948,0,0,305.2099915,305.2099915,997.0202501,997.0202501,nan,nan,46.69495923,19.39999962,15.84656751
32.8333,-117.1167,116,225.78125,13,1,0.17075187,0.211684883,0.131309763,0.038959887,0.065791756,0.769009223,0.228166678,0.385306211,0.733826331,0.217727839,0.367678091,12.43999958,23.73999977,-81.41999817,136.0200043,0,0,311.0899963,311.0899963,997.0202501,997.0202501,nan,nan,59.22318715,33.50999832,27.98189026
32.8333,-117.1167,116,239.7881944,13,1,0.170723006,0.190707609,0.125299543,0.035970133,0.060814865,0.733934728,0.210692944,0.356219506,0.717145122,0.205873099,0.348070572,34.04999924,25.70999908,-78.76999664,149.5200043,0,0,311.0700073,311.0700073,997.0202501,997.0202501,nan,nan,64.24167641,34.18000031,27.72856312
32.8333,-117.1167,116,323.7708333,13,1,0.111262173,0.128519639,0.090291478,0.035596609,0.052572265,0.811519995,0.319934514,0.472507988,0.787103062,0.310308356,0.458291215,12.40999985,54.21999741,98.45999908,162.5,0,0,297.4400024,297.4400024,997.0202501,997.0202501,nan,nan,32.59613532,17.52000046,11.92129787
36.0981,-79.9428,278,215.6840278,13,1,0.249708355,0.286373526,0.173694372,0.036456727,0.072964363,0.69558895,0.145997224,0.292198325,0.675744762,0.141832126,0.283862312,27.89999962,22.43000031,-78.31999969,142.2200012,0,0,304.789978,304.789978,974.7069559,974.7069559,nan,nan,76.17406337,53.18000031,34.41546521
36.0981,-79.9428,278,238.6909722,13,1,0.240746617,0.259079903,0.167872384,0.036787573,0.0722977,0.697299036,0.152806189,0.300306191,0.686838244,0.15051381,0.295801036,36.97999954,27.72999954,-77.22000122,154.8999939,0,0,304.1000061,304.1000061,974.7069559,974.7069559,nan,nan,69.87379594,46.27999878,29.33952753
36.2469,-86.5617,167,238.6909722,13,1,0.301749468,0.31276089,0.209818885,0.045092084,0.089340121,0.695341358,0.149435503,0.29607383,0.690303258,0.148352767,0.293928625,10.32999992,30.59999847,100.3899994,143,0,0,301.8099976,301.8099976,989.9516113,989.9516113,nan,nan,78.65207058,50.30999756,36.10768459
36.2469,-86.5617,167,256.6805556,13,1,0.231893718,0.248665452,0.154829547,0.032284297,0.061915018,0.667674605,0.139220231,0.266997391,0.658154391,0.137235122,0.263190338,31.86999893,37.18000031,97.55999756,146.0899963,0,0,300.3200073,300.3200073,989.9516113,989.9516113,nan,nan,107.7137879,53.0399971,44.27882741
36.2469,-86.5617,167,263.6840278,13,1,0.149575174,0.160093412,0.120722242,0.042249851,0.064885281,0.807100795,0.282465665,0.433797129,0.795907039,0.278548122,0.427780757,21.78999901,38.72999954,98.47000122,151.0999908,0,0,291.3999939,291.3999939,989.9516113,989.9516113,nan,nan,40.77265672,21.12999916,17.28512378
36.2469,-86.5617,167,264.7152778,13,1,0.181467488,0.187361822,0.145627379,0.051053252,0.078690782,0.802498457,0.28133553,0.433635705,0.797318837,0.279519688,0.430836861,48.97999954,36.07999802,-75.84999847,168.3999939,0,0,296.2799988,296.2799988,989.9516113,989.9516113,nan,nan,33.05478849,17.93000031,11.97218372
36.2469,-86.5617,167,265.6770833,13,1,0.146157771,0.146399677,0.125210702,0.051059321,0.071498148,0.856681799,0.349343864,0.489184718,0.856398314,0.349228263,0.489022842,40.48999786,40.62999725,97.34999847,147.4799957,0,0,292.7999878,292.7999878,989.9516113,989.9516113,nan,nan,25.33479416,13.02999973,9.623726572
36.2469,-86.5617,167,280.7152778,13,1,0.140023693,0.154034376,0.113341883,0.042534679,0.064480834,0.809447887,0.303767728,0.460499449,0.793567122,0.297808031,0.451464793,48.96999741,42.04999924,-74.76000214,171.8199921,0,0,294.4400024,294.4400024,989.9516113,989.9516113,nan,nan,35.37600696,15.78999996,12.32601864
36.2469,-86.5617,167,281.6770833,13,1,0.186946034,0.207561046,0.146756321,0.044697326,0.073763132,0.785019707,0.239092131,0.394569119,0.768080081,0.233932857,0.38605487,40.38999939,45.77999878,97.0799942,152.8699951,0,0,294.1799927,294.1799927,989.9516113,989.9516113,nan,nan,45.72470508,25.45999908,16.64652152
36.2469,-86.5617,167,311.6840278,13,1,0.092880428,0.109746009,0.077277698,0.028614325,0.043211747,0.832012723,0.30807702,0.465240611,0.802855608,0.297280746,0.448936685,21.6099987,54.41999817,98.97000122,162.0399933,0,0,292.1600037,292.1600037,989.9516113,989.9516113,nan,nan,31.46587676,17.67000008,11.2607781
36.2469,-86.5617,167,312.7152778,13,1,0.066584319,0.076598972,0.050378252,0.015054771,0.024367904,0.756608352,0.226100844,0.365970617,0.73451337,0.219498096,0.355283299,48.97999954,52.97999954,-75.36999512,174.6299896,0,0,295.6499939,295.6499939,989.9516113,989.9516113,nan,nan,60.18661318,25.59999847,18.89979038
36.2469,-86.5617,167,313.6770833,13,1,0.107313924,0.127476633,0.08140298,0.022074034,0.038251806,0.758550029,0.205695903,0.356447746,0.731078257,0.198246387,0.343538576,40.39999771,55.80999756,96.65000153,158.75,0,0,295.5599976,295.5599976,989.9516113,989.9516113,nan,nan,67.26130189,28.56999969,21.74852098
36.2469,-86.5617,167,314.7048611,13,1,0.11050725,0.136547267,0.078185104,0.017413525,0.033397306,0.707511081,0.157578122,0.302218233,0.675668087,0.150485994,0.288616279,34.32999802,53.84999847,-77.19999695,171.0500031,0,0,297.2099915,297.2099915,989.9516113,989.9516113,nan,nan,79.07188296,42.70999908,27.20854712
35.1808,-97.4378,353,125.7291667,13,1,0.270247728,0.271683663,0.206599966,0.065265834,0.107128367,0.764483637,0.24150373,0.396408021,0.763672097,0.241247361,0.395987213,16.06999969,22.57999992,-78.06999969,143.4499969,0,0,305.0799866,305.0799866,964.5144061,964.5144061,nan,nan,51.55999933,29.55999947,24.27856006
35.1808,-97.4378,353,193.7118056,13,1,0.324789971,0.336960524,0.216887116,0.039490406,0.084550515,0.667776519,0.121587515,0.260323662,0.662809153,0.120683066,0.258387202,30.75,23.42000008,97.98999786,118.4199982,0,0,311.8800049,311.8800049,964.5144061,964.5144061,nan,nan,91.32318328,61.45999908,40.52730167
35.1808,-97.4378,353,234.7083333,13,1,0.283462822,0.313534677,0.206890017,0.052783258,0.095921405,0.729866496,0.186208752,0.338391483,0.714702303,0.182339955,0.331360836,39.61999893,31.32999992,96.61000061,132.6399994,0,0,307.8800049,307.8800049,964.5144061,964.5144061,nan,nan,72.60293639,36.36000061,29.4068138
35.1808,-97.4378,353,235.7361111,13,1,0.222025037,0.242815226,0.162843674,0.042643335,0.07676854,0.733447348,0.192065432,0.345765239,0.719964014,0.188534596,0.339408861,36.02999878,26.18999863,-77.08999634,151.9799957,0,0,311.0299988,311.0299988,964.5144061,964.5144061,nan,nan,60.60285484,36.61999893,25.77803885
35.1808,-97.4378,353,236.6979167,13,1,0.281607509,0.302766442,0.203878015,0.050704289,0.092727803,0.723979329,0.180053044,0.329280292,0.713260978,0.177387399,0.324405371,53.25,33.66999817,95.20999908,129.25,0,0,308.8899841,308.8899841,964.5144061,964.5144061,nan,nan,71.26957888,32.30999756,24.80750884
35.1808,-97.4378,353,237.7291667,13,1,0.233954161,0.261779666,0.172986329,0.044810206,0.080078185,0.739402657,0.191534126,0.342281514,0.722223035,0.187083933,0.334328788,15.79999924,28.02999878,-80.73999786,146.9199982,0,0,312.0899963,312.0899963,964.5144061,964.5144061,nan,nan,65.3881438,40.09000015,30.10294407
35.1808,-97.4378,353,238.6909722,13,1,0.282870174,0.304384828,0.201207161,0.046426144,0.088413596,0.711305679,0.16412527,0.312558921,0.700647651,0.161666057,0.307875615,62.71999741,36.06999969,93.65000153,126.2699966,0,0,307.9100037,307.9100037,964.5144061,964.5144061,nan,nan,84.1982434,30.01000023,24.62688387
35.1808,-97.4378,353,238.7569444,13,1,0.229065031,0.234523177,0.159741163,0.036486387,0.070555054,0.69736163,0.159283969,0.308013202,0.694054055,0.158528488,0.306552301,64.20999908,25.10000038,-72.61000061,169.75,0,0,312.539978,312.539978,964.5144061,964.5144061,nan,nan,83.79883489,30.90999985,24.62688387
35.1808,-97.4378,353,264.7152778,13,1,0.235353783,0.245902211,0.196299687,0.08240927,0.117994182,0.834062171,0.350150608,0.501348142,0.826652152,0.347039781,0.496894039,20.23999977,38.11999893,99.8299942,150.8699951,0,0,300.1499939,300.1499939,964.5144061,964.5144061,nan,nan,29.54006772,15.30999947,12.6406367
35.1808,-97.4378,353,265.7465278,13,1,0.224291831,0.186731264,0.170195669,0.054184634,0.085966334,0.758813497,0.241580952,0.383278933,0.785108822,0.249952508,0.396560779,50.38999939,35.41999817,-75.80999756,168.3799896,0,0,302.8399963,302.8399963,964.5144061,964.5144061,nan,nan,51.67974228,21.61999893,18.48616952
35.1808,-97.4378,353,280.7152778,13,1,0.207689643,0.231880143,0.162072137,0.053502712,0.085515909,0.780357339,0.257608958,0.411748548,0.762592849,0.251744604,0.402375274,20.13999939,43.41999817,99.04999542,156.2200012,0,0,302.9700012,302.9700012,964.5144061,964.5144061,nan,nan,49.22941251,24.60000038,20.16025914
35.1808,-97.4378,353,281.7465278,13,1,0.192253187,0.204927519,0.146416038,0.048740927,0.078157313,0.761579251,0.253524676,0.406533251,0.75166847,0.250225443,0.401242847,50.38999939,41.36999893,-74.86999512,171.8399963,0,0,307.269989,307.269989,964.5144061,964.5144061,nan,nan,52.19406592,21.27999878,17.99172148
36.05,-115.1833,703,301.7951389,13,1,0.175095916,0.185802832,0.143691048,0.070136726,0.094811827,0.820641917,0.400561747,0.541485085,0.810726911,0.395722155,0.534942856,52.02999878,49.30999756,-74.33999634,175.1699982,0,0,298.6499939,298.6499939,918.0820025,918.0820025,nan,nan,21.77548125,11.03999996,6.892762038
37.7444,-122.2236,11,220.7673611,13,1,0.138129771,0.127479106,0.099409752,0.024527663,0.043325387,0.719683751,0.17756971,0.313657126,0.730956002,0.180350946,0.31856987,54.93999863,32.11000061,95.19999695,124.9399948,0,0,298.2599792,298.2599792,1011.701865,1011.701865,nan,nan,79.84765002,30.38999939,27.33159701
37.7444,-122.2236,11,235.8055556,13,1,0.169471949,0.189232186,0.123557076,0.034427762,0.0610254,0.729070955,0.203147259,0.360091449,0.712456629,0.198517868,0.351885558,30.30999947,28.59000015,-76.75999451,153.7899933,0,0,302.1000061,302.1000061,1011.701865,1011.701865,nan,nan,54.70634087,34.54999924,23.81433902
40.865,-72.8628,34,126.6215278,13,1,0.230358556,0.251227379,0.200686574,0.101501703,0.134645894,0.871192187,0.440624846,0.584505723,0.855688349,0.432783435,0.574103791,64.79999542,34.38000107,92.12999725,126.8299942,0,0,282.3500061,282.3500061,1008.471036,1008.471036,nan,nan,24.68567662,6.379999638,6.933596042
40.865,-72.8628,34,133.625,13,1,0.228415266,0.250749141,0.200613022,0.101896964,0.135686547,0.878282024,0.446104001,0.594034493,0.861436207,0.43754754,0.582640663,61.1099968,31.97999954,92.72000122,126.8799973,0,0,282.3099976,282.3099976,1008.471036,1008.471036,nan,nan,31.41637326,6.710000038,9.670268364
40.865,-72.8628,34,142.6215278,13,1,0.262618154,0.270661116,0.220777482,0.095649704,0.135284782,0.840678674,0.364215888,0.515138726,0.835560687,0.36199857,0.512002601,64.79000092,31.45999908,92.12999725,122.1800003,0,0,284.4700012,284.4700012,1008.471036,1008.471036,nan,nan,30.27347921,9.050000191,8.600199328
40.865,-72.8628,34,174.6215278,13,1,0.307729721,0.294863522,0.203090683,0.036168497,0.075893454,0.659964471,0.117533324,0.246623739,0.665529638,0.118524427,0.2487034,64.79999542,30.19999886,92.63999939,116.1800003,0,0,294.4299927,294.4299927,1008.471036,1008.471036,nan,nan,131.3507496,39.5,37.46804833
40.865,-72.8628,34,214.6527778,13,1,0.256813526,0.273261428,0.192681134,0.05048101,0.089954518,0.750276423,0.196566789,0.350271729,0.740787514,0.194080766,0.345841766,10.23999977,27.89999962,100.4899979,140.4499969,0,0,298.6799927,298.6799927,1008.471036,1008.471036,nan,nan,63.10724593,36.50999832,29.38353456
40.865,-72.8628,34,240.6805556,13,1,0.213420898,0.213807747,0.146565631,0.032357268,0.062615544,0.686744516,0.151612463,0.293389936,0.686495646,0.15155752,0.293283615,46.47999954,31.88999939,-74.26999664,165.3000031,0,0,296.5099792,296.5099792,1008.471036,1008.471036,nan,nan,85.7594561,41.18000031,32.60849034
40.865,-72.8628,34,263.6840278,13,1,0.186968967,0.192601547,0.159845457,0.076457642,0.104126811,0.854930413,0.408932258,0.556920287,0.849810181,0.406483137,0.553584856,52.0399971,39.93999863,-73.31999969,173.1999969,0,0,293.0099792,293.0099792,1008.471036,1008.471036,nan,nan,20.53205562,8.75,7.007565427
40.865,-72.8628,34,265.6770833,13,1,0.187436566,0.190119937,0.15877822,0.077098772,0.104072563,0.847103764,0.41133261,0.555241518,0.844685235,0.410158233,0.553656272,39.75,41.04999924,-74.65999603,168.9400024,0,0,292.8899841,292.8899841,1008.471036,1008.471036,nan,nan,25.04930064,9.779999733,9.536498144
42.6919,-73.8322,87,214.6527778,13,1,0.248338908,0.222334117,0.186672449,0.053808261,0.091086015,0.751684263,0.216672696,0.366781089,0.767763524,0.221307537,0.374626895,20.52999878,29.81999969,100.7399979,140.7099915,0,0,300.2599792,300.2599792,1001.057838,1001.057838,nan,nan,49.82251695,30.26999855,22.43818706
42.6919,-73.8322,87,263.6840278,13,1,0.167675734,0.164824843,0.143001914,0.071250677,0.095162869,0.852848,0.424931358,0.567541089,0.855757988,0.426381259,0.569477587,45.38999939,41.84999847,-73.93000031,171.8399963,0,0,287.8800049,287.8800049,1001.057838,1001.057838,nan,nan,19.00268493,8.550000191,6.869073469
42.6919,-73.8322,87,265.6736111,13,1,0.158808008,0.158175498,0.136240676,0.069296934,0.091237016,0.857895505,0.436356672,0.574511432,0.858579425,0.436704538,0.574969436,30.95999908,43,-75.73999786,167.769989,0,0,287.9599915,287.9599915,1001.057838,1001.057838,nan,nan,16.73972704,8.960000038,6.607425433
42.9411,-78.7189,217,264.7118056,13,1,0.185710013,0.190175057,0.152327657,0.063931741,0.092337564,0.820244716,0.344255756,0.497213705,0.816319347,0.342608283,0.494834236,62.43000031,42.22999954,-69.22999573,-179.3000031,0,0,290.269989,290.269989,983.0609675,983.0609675,nan,nan,26.12450085,10.35999966,7.440468768
42.9411,-78.7189,217,265.6770833,13,1,0.173209757,0.19113858,0.149352297,0.072424181,0.098167583,0.862262612,0.418129915,0.566755506,0.844774212,0.409649409,0.555260578,1.49000001,44.20000076,97.79999542,160.9499969,0,0,291.3699951,291.3699951,983.0609675,983.0609675,nan,nan,20.09609335,10.84000015,8.390109449
44.4986,-88.1119,212,154.7048611,13,1,0.263345808,0.285283953,0.191760242,0.047721826,0.088005349,0.728168956,0.181213538,0.334181697,0.716235687,0.178243801,0.328705111,4.759999752,24.68999863,-82.40999603,149.6999969,0,0,302.0499878,302.0499878,983.7482815,983.7482815,nan,nan,60.05730271,42.63999939,28.54328573
44.4986,-88.1119,212,178.6701389,13,1,0.295426846,0.283786476,0.20740135,0.059092697,0.097328499,0.702039619,0.200024804,0.329450422,0.707615897,0.201613594,0.332067236,57.86999893,30.3599987,93.80999756,125.3899994,0,0,297.1699829,297.1699829,983.7482815,983.7482815,nan,nan,86.48352063,28.51000023,28.4561563
44.0728,-103.21,1002,184.7152778,13,1,0.288484305,0.284006834,0.208884046,0.053280752,0.095071822,0.724074211,0.184692031,0.329556308,0.726328833,0.185267125,0.33058248,56.77000046,30.3599987,94.34999847,125.3699951,0,0,306.1900024,306.1900024,879.8625859,879.8625859,nan,nan,68.09524366,31.90999985,22.8221044
44.0728,-103.21,1002,184.78125,13,1,0.256805927,0.257544845,0.184028596,0.049304217,0.086055487,0.716605719,0.191990184,0.335099305,0.716193572,0.191879763,0.334906576,61.47999954,21.18999863,-69.13999939,174.5599976,0,0,308.1999817,308.1999817,879.8625859,879.8625859,nan,nan,72.27551127,29.76000023,22.8221044
44.9092,-123.0083,68,324.7986111,13,1,0.06040429,0.065669268,0.047244873,0.01708876,0.026289405,0.782144336,0.282906394,0.435224146,0.768743245,0.278059137,0.42776711,2.480000019,65.37999725,101.4199982,168.6100006,0,0,281.9599915,281.9599915,1003.710315,1003.710315,nan,nan,42.88909636,15.5199995,12.6095003
18.4333,-69.8833,0,2.607638889,17,1,0.055750981,0.049987476,0.03553744,0.010820188,0.016683163,0.637431659,0.194080667,0.299244297,0.650889374,0.198178177,0.305562063,64.97000122,51.62999725,95.16999817,141.9599915,0,0,299.7799988,299.7799988,1013.25,1013.25,nan,nan,126.7577708,28.98999977,31.89247585
18.4333,-69.8833,0,16.61458333,17,1,0.019765848,0.009478995,0.014286515,0.007388383,0.008655322,0.722787865,0.373795401,0.437892757,0.806761352,0.417222947,0.488767133,54.47999954,49.12999725,96.77999878,141.9100037,0,0,298.9499817,298.9499817,1013.25,1013.25,nan,nan,100.4014659,16.31999969,30.89794576
18.4333,-69.8833,0,30.625,17,1,0.014849612,0.005055397,0.010100978,0.005189844,0.005943942,0.680218296,0.349493579,0.400275917,0.78358225,0.402601586,0.461100658,38.25999832,45.25,97.63999939,141.3899994,0,0,299.6900024,299.6900024,1013.25,1013.25,nan,nan,94.60623337,25.23999977,35.11775842
18.4333,-69.8833,0,39.62152778,17,1,0.020588014,0.011007202,0.014102696,0.006854111,0.008409342,0.68499542,0.332917532,0.408458129,0.755291743,0.367082546,0.45037535,46.80999756,44.27999878,97.11000061,137.1600037,0,0,299.4599915,299.4599915,1013.25,1013.25,nan,nan,89.35077455,21.21999931,31.26488765
18.4333,-69.8833,0,46.625,17,1,0.019158255,0.010841965,0.012029294,0.005726928,0.007124922,0.627890886,0.298927424,0.371898259,0.687584787,0.327346603,0.407254813,37.68999863,41.54000092,97.37999725,136.5699921,0,0,299.3699951,299.3699951,1013.25,1013.25,nan,nan,93.62316721,31.95999908,36.01288807
18.4333,-69.8833,0,64.61805556,17,1,0.021550762,0.009795777,0.013414161,0.006218864,0.007803186,0.622444887,0.288568165,0.362084017,0.698662803,0.323903124,0.406420938,53.63999939,38.62999725,96.40999603,126.6199951,0,0,299.519989,299.519989,1013.25,1013.25,nan,nan,116.7346593,29.47999954,39.34646166
18.4333,-69.8833,0,71.62152778,17,1,0.021393962,0.011546535,0.013767916,0.006499154,0.00794089,0.643542121,0.303784476,0.371174363,0.708792104,0.334585773,0.408808452,46.61999893,35.39999771,97.00999451,125.1800003,0,0,299.3699951,299.3699951,1013.25,1013.25,nan,nan,92.95829245,29.11999893,34.65027595
18.4333,-69.8833,0,87.62152778,17,1,0.022530323,0.013092382,0.015812134,0.007201823,0.009321903,0.701815703,0.319650212,0.413749192,0.765990293,0.348879284,0.45158275,46.81999969,30.78999901,97.36999512,117,0,0,299.9899902,299.9899902,1013.25,1013.25,nan,nan,87.94224834,22.1099987,33.49618483
18.4333,-69.8833,0,94.625,17,1,0.017419882,0.007905372,0.011874863,0.006351566,0.0076365,0.681684459,0.364615872,0.438378375,0.765281834,0.409330006,0.492138265,38.15999985,27.64999962,97.0799942,114.3699951,0,0,301.2799988,301.2799988,1013.25,1013.25,nan,nan,75.37822721,23.15999985,31.39814538
18.4333,-69.8833,0,98.60763889,17,1,0.061671495,0.04847797,0.038719323,0.014624547,0.020218778,0.627831744,0.237136251,0.327846411,0.655895178,0.247735998,0.342500808,64.61000061,32.20999908,95.41999817,106.4300003,0,0,300.3800049,300.3800049,1013.25,1013.25,nan,nan,140.6434064,25.11999893,40.02253566
18.4333,-69.8833,0,103.6215278,17,1,0.027107433,0.012693821,0.018230017,0.008413901,0.010400963,0.672509921,0.310390909,0.38369414,0.7525381,0.347327195,0.429353456,47.11000061,26.98999977,96.59999847,106.9300003,0,0,301.5799866,301.5799866,1013.25,1013.25,nan,nan,88.10569482,26.45999908,33.99751505
18.4333,-69.8833,0,110.625,17,1,0.021602377,0.011198068,0.014439999,0.006046159,0.007900643,0.668444908,0.279883974,0.365730266,0.739696626,0.309717717,0.404714646,38.54999924,24.31999969,97.19999695,103.1999969,0,0,301.8099976,301.8099976,1013.25,1013.25,nan,nan,87.51967142,31.63999939,36.83412091
18.4333,-69.8833,0,119.6215278,17,1,0.026002327,0.012606294,0.017930957,0.008881,0.010854487,0.689590459,0.341546351,0.41744292,0.768806074,0.380780949,0.465396016,47.50999832,24.6099987,96.69999695,95.5799942,0,0,301.9299927,301.9299927,1013.25,1013.25,nan,nan,74.82915784,22.5,28.99926233
18.4333,-69.8833,0,135.6215278,17,1,0.02507565,0.011348448,0.015799416,0.005855225,0.008562263,0.630070061,0.233502424,0.341457277,0.707535515,0.262210931,0.383438549,47.61000061,23.73999977,96.3299942,84.97999573,0,0,302.1799927,302.1799927,1013.25,1013.25,nan,nan,114.7005108,37.04000092,44.53112302
18.4333,-69.8833,0,162.6076389,17,1,0.037391927,0.024488309,0.024488505,0.012559809,0.015255622,0.654914226,0.335896269,0.407992387,0.703466198,0.36079789,0.438238844,64.97999573,28.84000015,95.36999512,75.44999695,0,0,303.019989,303.019989,1013.25,1013.25,nan,nan,117.7818571,15.61999989,33.59415012
18.4333,-69.8833,0,194.6076389,17,1,0.080790475,0.065264389,0.050637588,0.014016847,0.022512369,0.626776707,0.173496283,0.278651275,0.651830081,0.180431236,0.28978946,64.97999573,30.19999886,95.26999664,78.04999542,0,0,302.3599854,302.3599854,1013.25,1013.25,nan,nan,118.9043316,31.8599987,33.76553118
18.4333,-69.8833,0,233.6111111,17,1,0.069304206,0.061351683,0.045744255,0.017246218,0.024251182,0.660050207,0.248848079,0.349923665,0.675553906,0.254693188,0.358142905,60.37999725,29.44999886,95.62999725,97.98999786,0,0,302.1199951,302.1199951,1013.25,1013.25,nan,nan,128.94354,24.78999901,40.65470855
18.4333,-69.8833,0,238.625,17,1,0.023635259,0.008417533,0.014173443,0.004970433,0.006767394,0.59967371,0.210297366,0.286326189,0.688308104,0.241380236,0.32864645,39.11999893,25.38999939,97.59999847,104.8499985,0,0,302.1000061,302.1000061,1013.25,1013.25,nan,nan,115.6669406,51.04999924,48.2777294
18.4333,-69.8833,0,242.6076389,17,1,0.084178023,0.066158429,0.054974869,0.018046336,0.026881596,0.653078641,0.214382989,0.319342212,0.682289545,0.223971912,0.333625752,64.97000122,31.26999855,95.36999512,103.2799988,0,0,302.3999939,302.3999939,1013.25,1013.25,nan,nan,127.6643976,24.62999916,36.12965582
18.4333,-69.8833,0,249.6111111,17,1,0.036021911,0.022997202,0.021513006,0.007965228,0.010506643,0.597220007,0.221121741,0.291673674,0.643774896,0.238358769,0.314410413,60.36999893,30.37999916,95.41999817,109.4300003,0,0,301.519989,301.519989,1013.25,1013.25,nan,nan,156.4979506,31.71999931,49.18488371
18.4333,-69.8833,0,270.625,17,1,0.017089501,0.008737442,0.011703078,0.005384961,0.006747205,0.684810967,0.315103472,0.394815788,0.758999285,0.349239895,0.437587766,39.11999893,29.64999962,97.87999725,130.1299896,0,0,302.6399841,302.6399841,1013.25,1013.25,nan,nan,103.2750298,26.21999931,42.33255879
18.4333,-69.8833,0,290.6076389,17,1,0.060501535,0.050620493,0.035462495,0.008996163,0.014688525,0.586142074,0.148693131,0.242779384,0.60593417,0.153714011,0.250977248,64.97999573,38.36000061,95.36000061,133.8399963,0,0,301.5700073,301.5700073,1013.25,1013.25,nan,nan,183.9577278,39.96999741,50.54151444
18.4333,-69.8833,0,338.6076389,17,1,0.03676324,0.026602848,0.021530572,0.006993717,0.010124758,0.585654923,0.190236689,0.275404398,0.619920887,0.201367209,0.291517978,64.97999573,49.11000061,95.04999542,144.6799927,0,0,299.6900024,299.6900024,1013.25,1013.25,nan,nan,155.2744631,33.95999908,39.89517551
18.4333,-69.8833,0,359.6215278,17,1,0.019979011,0.012438422,0.01203709,0.005288307,0.007015957,0.602486771,0.264693108,0.351166376,0.651678817,0.286304862,0.379838529,47.70999908,48.95000076,96.54999542,147.6900024,0,0,299.1900024,299.1900024,1013.25,1013.25,nan,nan,108.3413281,36.59999847,36.0073554
18.4333,-69.8833,0,366.625,17,1,0.014304841,0.006054907,0.010055702,0.005064728,0.006160611,0.70295799,0.35405694,0.430666188,0.794612256,0.400220196,0.486818041,39.02999878,48.29999924,97.72999573,148.1199951,0,0,298.7299805,298.7299805,1013.25,1013.25,nan,nan,87.31667939,21.06999969,31.29019761
12.2,-68.9667,0,2.607638889,17,1,0.062845342,0.064928956,0.043798044,0.012807407,0.021177637,0.69691791,0.203792469,0.33698021,0.692327139,0.202450038,0.334760438,58.56999969,45.98999786,96.48999786,139.75,0,0,300.4799805,300.4799805,1013.25,1013.25,nan,nan,89.07413596,28.38999939,26.5338351
12.2,-68.9667,0,7.621527778,17,1,0.013320891,0.009311654,0.009362891,0.004480355,0.005923772,0.70287274,0.336340485,0.444697889,0.747891894,0.357883166,0.473180887,34.93999863,43.11000061,97.36999512,143.2299957,0,0,300.4899902,300.4899902,1013.25,1013.25,nan,nan,117.9053168,17.03999901,45.52921114
12.2,-68.9667,0,9.611111111,17,1,0.062998489,0.06198461,0.043760065,0.012210288,0.019755637,0.694620872,0.193818747,0.313589068,0.696863895,0.194444614,0.314601689,52.27999878,44.89999771,97.13999939,139.6999969,0,0,300.3800049,300.3800049,1013.25,1013.25,nan,nan,88.80525108,30.06999969,29.1521829
12.2,-68.9667,0,16.61805556,17,1,0.092899546,0.093732439,0.059641179,0.012313393,0.023423713,0.64199645,0.132545243,0.252140228,0.640847343,0.132308001,0.251688923,44.34000015,43.47999954,97.61000061,139.4400024,0,0,299.9100037,299.9100037,1013.25,1013.25,nan,nan,136.1314597,49.59000015,49.03265878
12.2,-68.9667,0,18.60763889,17,1,0.094973713,0.088280909,0.062965289,0.01440117,0.025972722,0.662975961,0.151633225,0.273472746,0.672453531,0.153800897,0.277382174,58.3599968,45.32999802,97.15000153,135.9899902,0,0,299.7799988,299.7799988,1013.25,1013.25,nan,nan,135.7781652,38.66999817,40.78996418
12.2,-68.9667,0,23.62152778,17,1,0.040076122,0.036063228,0.029251156,0.009445664,0.014461891,0.729889899,0.235693054,0.360860537,0.744805643,0.240509585,0.368234942,34.38000107,41.73999786,98.18000031,139.0099945,0,0,299.769989,299.769989,1013.25,1013.25,nan,nan,100.9384189,26.37999916,39.55521917
12.2,-68.9667,0,25.61111111,17,1,0.016641749,0.009822524,0.012400406,0.006479126,0.007791027,0.745138406,0.389329599,0.468161517,0.811656252,0.424084708,0.509953881,51.86000061,43.5,96.68999481,135.3699951,0,0,300.2799988,300.2799988,1013.25,1013.25,nan,nan,100.870087,10.43999958,33.64794192
12.2,-68.9667,0,25.61458333,17,1,0.135214329,0.144246429,0.092769638,0.019467237,0.037733328,0.686093246,0.143973177,0.279063084,0.6770481,0.142075099,0.275384042,51.86999893,43.48999786,97.38999939,135.3600006,0,0,300.2999878,300.2999878,1013.25,1013.25,nan,nan,100.8745159,39.18000031,33.64794192
12.2,-68.9667,0,32.61805556,17,1,0.065013893,0.065604635,0.044226136,0.013233727,0.021557421,0.680256698,0.20355229,0.331581752,0.679022725,0.20318305,0.330980269,43.84999847,41.36999893,97.09999847,134.5500031,0,0,299.7799988,299.7799988,1013.25,1013.25,nan,nan,100.7157915,32.84000015,37.03898233
12.2,-68.9667,0,34.60763889,17,1,0.058764424,0.04767634,0.040074498,0.013653291,0.021119153,0.681951675,0.232339391,0.35938671,0.708696024,0.24145113,0.373480911,58.02000046,43.22999954,96.29999542,130.9899902,0,0,299.6199951,299.6199951,1013.25,1013.25,nan,nan,101.0199988,22.10000038,30.98192325
12.2,-68.9667,0,39.62152778,17,1,0.017420627,0.014230739,0.013778512,0.007076207,0.008329514,0.790930903,0.406197005,0.47814085,0.820997442,0.421638225,0.496316952,33.61999893,38.93000031,98.20999908,133.6199951,0,0,299.4899902,299.4899902,1013.25,1013.25,nan,nan,69.30045571,12.38999939,27.87224188
12.2,-68.9667,0,46.625,17,1,0.053994518,0.05551086,0.038660049,0.010275952,0.017744487,0.715999531,0.190314721,0.328634979,0.712000472,0.18925176,0.32679946,21.12999916,36.23999786,98.86999512,132.5299988,0,0,299.3599854,299.3599854,1013.25,1013.25,nan,nan,84.43451959,37.61000061,36.52117012
12.2,-68.9667,0,240.6180556,17,1,0.077335656,0.120264813,0.052285682,0.014396727,0.024463823,0.676087659,0.186158984,0.31633304,0.608528601,0.167556773,0.284722994,44.62999725,26.13999939,97.86000061,92.70999908,0,0,301.8599854,301.8599854,1013.25,1013.25,nan,nan,113.8503962,47.59000015,45.19484333
12.2,-68.9667,0,256.6180556,17,1,0.07048209,0.068686977,0.051395312,0.021336412,0.028772431,0.729196764,0.302721047,0.408223287,0.732930173,0.304270946,0.410313347,44.62999725,26.28999901,97.33999634,106.4300003,0,0,302.4199829,302.4199829,1013.25,1013.25,nan,nan,107.5998563,21.85000038,42.68923639
12.2,-68.9667,0,258.6076389,17,1,0.047164507,0.045760069,0.030641697,0.008460369,0.013662851,0.649677037,0.179379994,0.289685024,0.653569362,0.180454689,0.291420576,58.57999802,29.26000023,97.02999878,105.8699951,0,0,302.4899902,302.4899902,1013.25,1013.25,nan,nan,141.9111374,35.68000031,46.30805147
12.2,-68.9667,0,270.625,17,1,0.022191888,0.016336985,0.015435466,0.006172871,0.008489112,0.695545409,0.278158888,0.382532235,0.734291127,0.293653873,0.403841392,23.13999939,24.92000008,97.59999847,122.1699982,0,0,302.7599792,302.7599792,1013.25,1013.25,nan,nan,82.84635723,26.68000031,37.82675081
12.2,-68.9667,0,281.6111111,17,1,0.06971655,0.079504639,0.045889694,0.011256998,0.020310892,0.658232427,0.161468092,0.291335295,0.640254298,0.157057957,0.283378131,52.37999725,30.42000008,97.00999451,124.9899979,0,0,301.8099976,301.8099976,1013.25,1013.25,nan,nan,140.3046339,42.29000092,50.14728311
12.2,-68.9667,0,286.625,17,1,0.017458769,0.013537101,0.012825706,0.005596702,0.007291164,0.734628329,0.320566824,0.417621882,0.769183844,0.335645676,0.437266019,23.04999924,27.93999863,98.51999664,134.5099945,0,0,302.5799866,302.5799866,1013.25,1013.25,nan,nan,104.8815454,20.8599987,47.27154135
12.2,-68.9667,0,288.6180556,17,1,0.086143859,0.087717183,0.060612422,0.01479284,0.026396103,0.703618603,0.171722514,0.306418863,0.701057791,0.171097532,0.305303655,44.62999725,30.56999969,97.72000122,131.4599915,0,0,302.3299866,302.3299866,1013.25,1013.25,nan,nan,116.7960825,38.02000046,45.50619408
12.2,-68.9667,0,295.6215278,17,1,0.101125203,0.097405545,0.070402488,0.019852143,0.032434139,0.696191315,0.196312514,0.320732502,0.70135083,0.197767397,0.32310947,34.93999863,31.06999969,97.98999786,137.5,0,0,302.1199951,302.1199951,1013.25,1013.25,nan,nan,119.5027062,37.00999832,50.05617188
12.2,-68.9667,0,297.6111111,17,1,0.054349151,0.047071055,0.037818711,0.010643588,0.017031467,0.695847331,0.195837254,0.313371349,0.714996907,0.201226655,0.321995264,52.27999878,33.59999847,97.58999634,134.4599915,0,0,301.9400024,301.9400024,1013.25,1013.25,nan,nan,134.4600302,30.54999924,47.42680549
12.2,-68.9667,0,311.6215278,17,1,0.049622055,0.047421508,0.033685155,0.008479205,0.015099339,0.678834344,0.170875732,0.304286857,0.68490896,0.172404831,0.307009799,34.84999847,34.96999741,98.15000153,143.9100037,0,0,301.7999878,301.7999878,1013.25,1013.25,nan,nan,116.740358,41.04000092,47.8665317
12.2,-68.9667,0,329.6111111,17,1,0.108979359,0.104153462,0.069406174,0.014251522,0.02785405,0.636874492,0.13077267,0.255590139,0.642565395,0.131941212,0.257874009,52.27999878,40.77000046,96.66999817,143.5899963,0,0,301.5499878,301.5499878,1013.25,1013.25,nan,nan,124.8139831,45.86000061,42.23925627
12.2,-68.9667,0,338.6076389,17,1,0.137032777,0.127677977,0.095987849,0.021774026,0.04103246,0.700473645,0.158896478,0.299435365,0.710169861,0.161095982,0.30358026,58.46999741,43.29000092,96.80999756,142.5,0,0,301.5,301.5,1013.25,1013.25,nan,nan,87.81784297,30.29999924,26.72422395
12.2,-68.9667,0,345.6111111,17,1,0.036766049,0.032864045,0.026270282,0.009455611,0.013636504,0.714525563,0.257183227,0.370899372,0.730021079,0.262760616,0.378942859,52.27999878,43.45999908,97.5799942,144.0099945,0,0,301.1699829,301.1699829,1013.25,1013.25,nan,nan,91.39699587,21.48999977,30.34228768
12.2,-68.9667,0,359.6215278,17,1,0.020856468,0.015392548,0.014503998,0.005699902,0.008162932,0.695419656,0.27329183,0.391386092,0.733871169,0.288402827,0.413026819,34.93999863,43.04000092,97.34999847,145.7799988,0,0,300.5299988,300.5299988,1013.25,1013.25,nan,nan,100.4389323,22.34000015,38.80799017
12.2,-68.9667,0,361.6111111,17,1,0.028985765,0.024709873,0.019896271,0.007471731,0.010642174,0.68641524,0.257772412,0.36715173,0.707282472,0.265608772,0.378313255,52.27999878,44.87999725,97.11999512,142.3099976,0,0,300.6300049,300.6300049,1013.25,1013.25,nan,nan,128.6057819,22.42000008,42.22434384
12.2,-68.9667,0,363.6041667,17,1,0.208379865,0.206682473,0.137333885,0.025575969,0.053176288,0.659055447,0.12273724,0.255189184,0.660130887,0.122937521,0.255605599,63.62999725,46.86000061,96.29000092,139.0699921,0,0,300.7599792,300.7599792,1013.25,1013.25,nan,nan,120.2687033,40.41999817,32.38373688
12.2,-68.9667,0,366.625,17,1,0.105970532,0.10541749,0.074477837,0.026048049,0.03949324,0.702816484,0.245804649,0.372681346,0.703550826,0.246061479,0.373070744,23.04999924,42.36999893,97.36000061,146.1900024,0,0,300.4499817,300.4499817,1013.25,1013.25,nan,nan,102.4752023,29.05999947,41.99296696
18.0333,-63.1167,5,321.6458333,16,1,0.071104981,0.06363418,0.04525179,0.010618493,0.018994348,0.636408164,0.149335431,0.267131048,0.650068336,0.152540839,0.272864878,61.02000046,37.5,-78.61000061,170.1199951,0,0,301.0899963,301.0899963,1012.546065,1012.546065,nan,nan,122.459976,37.02999878,36.83629799
18.0333,-63.1167,5,331.6041667,16,1,0.100727141,0.104711786,0.066934489,0.015197017,0.028344868,0.664512942,0.150873112,0.281402485,0.659296744,0.14968881,0.279193573,44.14999771,44.80999756,97.15999603,149.8600006,0,0,300.9799805,300.9799805,1012.546065,1012.546065,nan,nan,99.63062031,42.07999802,35.54125305
18.0333,-63.1167,5,336.6145833,16,1,0.016969707,0.013858567,0.011750914,0.005216867,0.006887945,0.692464182,0.307422322,0.405896516,0.718821187,0.319123623,0.421346003,9.68999958,43.72999954,100.5499954,155.3000031,0,0,300.8599854,300.8599854,1012.546065,1012.546065,nan,nan,62.17310688,25.72999954,25.92322969
18.0333,-63.1167,5,340.5972222,16,1,0.105864979,0.10259036,0.07080514,0.01559877,0.029687265,0.668824953,0.147345896,0.280425738,0.672988333,0.148263112,0.282171365,51.77000046,47.13999939,96.66999817,148.2599945,0,0,300.6900024,300.6900024,1012.546065,1012.546065,nan,nan,90.15275597,41.45999908,29.21237627
18.0333,-63.1167,5,342.5902778,16,1,0.034458693,0.037668433,0.023599628,0.0077798,0.011077432,0.684867193,0.225771763,0.321469882,0.672341806,0.221642673,0.315590589,63.04999924,49.04999924,96.02999878,145.0500031,0,0,300.4299927,300.4299927,1012.546065,1012.546065,nan,nan,102.1725271,26.89999962,27.37555254
18.0333,-63.1167,5,343.6215278,16,1,0.013793547,0.01136442,0.009123091,0.003778227,0.005189994,0.661402821,0.273912633,0.376262503,0.685548673,0.28391237,0.389998728,4.670000076,44.20999908,-82.51999664,156.7799988,0,0,300.6900024,300.6900024,1012.546065,1012.546065,nan,nan,79.60163816,31.62999916,33.188898
18.0333,-63.1167,5,347.6041667,16,1,0.043404955,0.045067143,0.029026717,0.007580369,0.012722244,0.668742005,0.174642935,0.293105787,0.663659057,0.173315516,0.29087796,44.25,47.34999847,96.63999939,149.5,0,0,300.4499817,300.4499817,1012.546065,1012.546065,nan,nan,97.40731044,41.72999954,33.91578528
18.0333,-63.1167,5,361.6111111,16,1,0.068803228,0.069467381,0.051609829,0.015797297,0.024990773,0.750107667,0.229601094,0.363220933,0.748662311,0.229158684,0.362521055,23.14999962,46.88999939,98.08999634,151.0800018,0,0,300.25,300.25,1012.546065,1012.546065,nan,nan,80.99465953,29.89999962,31.75212743
18.0333,-63.1167,5,366.625,16,1,0.093453795,0.142600834,0.067458347,0.016964773,0.030666761,0.721836355,0.181531127,0.328148913,0.653139569,0.164254906,0.296919154,18.53999901,44.93000031,-82.18999481,155.3799896,0,0,299.9499817,299.9499817,1012.546065,1012.546065,nan,nan,75.01263906,43,30.40361194
34.9167,-117.9,711,216.7847222,16,1,0.30321452,0.35157913,0.262527943,0.141616866,0.182360515,0.865815867,0.467051729,0.601424084,0.839049151,0.452612815,0.582831046,13.52999973,23,-78.95999908,136.0699921,0,0,324.3500061,324.3500061,917.0422295,917.0422295,nan,nan,18.34601114,11.13999939,8.674626572
34.9167,-117.9,711,230.7916667,16,1,0.270702481,0.30959183,0.199040338,0.059084751,0.099607468,0.735273417,0.218264533,0.367959197,0.714737459,0.212168473,0.357682211,34.41999817,24.73999977,-77.15999603,148.7799988,0,0,326.8800049,326.8800049,917.0422295,917.0422295,nan,nan,62.57603374,35.36000061,27.05050584
34.9167,-117.9,711,253.7986111,16,1,0.26034832,0.307142913,0.220558241,0.110937454,0.148013324,0.847165985,0.426111656,0.568520371,0.817769082,0.411325459,0.548792551,42.54000092,31.28999901,-76,161.2599945,0,0,314.019989,314.019989,917.0422295,917.0422295,nan,nan,25.41266015,11.46000004,10.05479308
34.9167,-117.9,711,254.7569444,16,1,0.288351178,0.334321946,0.246862903,0.131411463,0.170083821,0.856118934,0.455734094,0.589849578,0.829664851,0.441651906,0.571623221,48.43999863,37.23999786,96.05999756,139.3099976,0,0,316.75,316.75,917.0422295,917.0422295,nan,nan,27.60563701,9.130000114,9.989415886
34.9167,-117.9,711,254.7604167,16,1,0.290006846,0.358002484,0.251220197,0.133364663,0.171728313,0.866256089,0.45986729,0.592152617,0.827454722,0.439268901,0.5656289,48.43999863,37.21999741,96.54999542,139.2700043,0,0,316.4599915,316.4599915,917.0422295,917.0422295,nan,nan,27.60230914,9.269999504,9.989415886
34.9167,-117.9,711,255.7881944,16,1,0.305675775,0.320764452,0.265766144,0.165593967,0.198670253,0.869438031,0.54173075,0.649937841,0.860938552,0.536434882,0.643584159,24.65999985,32.86999893,-78.29000092,156.519989,0,0,317.1600037,317.1600037,917.0422295,917.0422295,nan,nan,22.36538493,7.149999619,9.762431809
34.9167,-117.9,711,258.8090278,16,1,0.27399084,0.301683605,0.223952204,0.1059644,0.143618956,0.817371136,0.386744316,0.524174299,0.801175869,0.379081423,0.513788389,59.64999771,32.20000076,-73.81999969,171.3099976,0,0,318.3599854,318.3599854,917.0422295,917.0422295,nan,nan,31.98456036,11.03999996,10.11894125
34.9167,-117.9,711,260.8020833,16,1,0.262996018,0.299011499,0.216923699,0.104599074,0.141054809,0.824817427,0.39772113,0.536338193,0.802829053,0.387118492,0.522040235,49.27000046,33.41999817,-75.83000183,166.2899933,0,0,320.0700073,320.0700073,917.0422295,917.0422295,nan,nan,27.56820827,12.25999928,10.09574115
34.9167,-117.9,711,265.7465278,16,1,0.275415391,0.323917419,0.209529847,0.065278143,0.107617125,0.760777553,0.237017047,0.390744775,0.734893856,0.228953091,0.377450588,63.66999817,42.77999878,93.06999969,138.0999908,0,0,318.5099792,318.5099792,917.0422295,917.0422295,nan,nan,60.19977257,20.04999924,16.64336051
34.9167,-117.9,711,272.75,16,1,0.27569747,0.315529525,0.221641451,0.08764986,0.128780693,0.803929943,0.317920435,0.467108722,0.78135239,0.308991964,0.45399045,59.38999939,43.97999954,94.15999603,142.8499908,0,0,308.1999817,308.1999817,917.0422295,917.0422295,nan,nan,34.54270848,14.17999935,10.30021098
34.9167,-117.9,711,273.78125,16,1,0.242293507,0.281518608,0.205829144,0.103067108,0.137899563,0.849503341,0.42538122,0.569142626,0.82286062,0.412040115,0.551292775,1.409999967,39.95000076,-75.98999786,157.8899994,0,0,317.519989,317.519989,917.0422295,917.0422295,nan,nan,20.69277692,12.36999989,8.978295955
34.9167,-117.9,711,289.78125,16,1,0.229837015,0.256751716,0.19149065,0.091911942,0.123438858,0.833158445,0.399900519,0.537071269,0.814091856,0.390748913,0.52478055,1.629999995,45.47999954,-102.4899979,161.9899902,0,0,314.6499939,314.6499939,917.0422295,917.0422295,nan,nan,24.56488886,14.67999935,10.12310317
34.9167,-117.9,711,301.7951389,16,1,0.209874541,0.248589173,0.173620775,0.078948081,0.110255674,0.827259823,0.376167973,0.525340869,0.79782555,0.362783749,0.506649007,42.63999939,48.41999817,-76.65999603,171.7299957,0,0,300.4499817,300.4499817,917.0422295,917.0422295,nan,nan,22.874766,14.04999924,7.980942906
34.9167,-117.9,711,301.7986111,16,1,0.222520903,0.271194994,0.186171606,0.08575815,0.118548356,0.836647721,0.38539368,0.532751551,0.801580281,0.369240203,0.510421683,42.63999939,48.37999725,-77.19999695,171.7099915,0,0,300.3200073,300.3200073,917.0422295,917.0422295,nan,nan,22.86531351,13.60999966,7.980942906
32.8356,-114.4,98,6.791666667,16,1,0.177246764,0.194084793,0.152845264,0.083531104,0.107959263,0.862330346,0.471270121,0.609090177,0.846251953,0.462483157,0.597733519,53.90999985,56.11000061,-76.02999878,169.0500031,0,0,293.5299988,293.5299988,999.5247856,999.5247856,nan,nan,13.42140855,6.480000019,3.844537915
32.8356,-114.4,98,8.784722222,16,1,0.172917008,0.195603654,0.147554219,0.076692514,0.101255029,0.853323916,0.443522097,0.585570097,0.831505281,0.432181682,0.570597658,40.61000061,56.46999741,-76.83999634,165.4299927,0,0,292.8800049,292.8800049,999.5247856,999.5247856,nan,nan,15.68863643,8.449999809,5.016160708
32.8356,-114.4,98,10.77430556,16,1,0.162935346,0.177836686,0.143099338,0.078721538,0.100768417,0.878258407,0.483145861,0.618456457,0.862482644,0.474467328,0.607347401,21.44999886,56.95999908,-79.91999817,161.8600006,0,0,291.0599976,291.0599976,999.5247856,999.5247856,nan,nan,17.18645226,7.170000076,5.908993562
32.8356,-114.4,98,13.79861111,16,1,0.177187502,0.192548946,0.144115433,0.06428843,0.090297088,0.813349876,0.362827113,0.509613188,0.799487408,0.356643207,0.500927509,58.97999954,54.96999741,-75.09999847,169.769989,0,0,293.0400085,293.0400085,999.5247856,999.5247856,nan,nan,27.3880754,10.52999973,7.437114872
32.8356,-114.4,98,15.78819444,16,1,0.127457455,0.138796985,0.106190555,0.051486917,0.069943659,0.833145107,0.40395375,0.548760833,0.81857976,0.396891683,0.539167196,47.96999741,55.19999695,-76.34999847,166.0800018,0,0,293.8299866,293.8299866,999.5247856,999.5247856,nan,nan,21.41376151,9.710000038,6.597374658
32.8356,-114.4,98,22.79166667,16,1,0.175611675,0.192760587,0.126250371,0.036091138,0.062425427,0.718917871,0.205516733,0.355474243,0.705146022,0.201579781,0.348664651,54.11999893,53.57999802,-74.98999786,166.8499908,0,0,295,295,999.5247856,999.5247856,nan,nan,62.07112828,26.61999893,18.3069533
32.8356,-114.4,98,24.78472222,16,1,0.17421338,0.195130348,0.14112854,0.062410083,0.086998947,0.810090134,0.35823932,0.499381547,0.791093568,0.34983863,0.487671079,41.09000015,53.80999756,-77.20999908,163.1299896,0,0,296.0099792,296.0099792,999.5247856,999.5247856,nan,nan,35.54041504,13.59999943,11.76676245
32.8356,-114.4,98,29.79861111,16,1,0.18416588,0.200637326,0.142877877,0.055390462,0.082788475,0.775810789,0.300763976,0.4495321,0.762177253,0.295478568,0.441632349,59.20999908,51.65999985,-74.09999847,167.8000031,0,0,295.5700073,295.5700073,999.5247856,999.5247856,nan,nan,38.70501812,15.11999989,10.85516004
32.8356,-114.4,98,31.78819444,16,1,0.194152579,0.205935106,0.164409086,0.08172144,0.108951852,0.846803515,0.420913493,0.561166133,0.836648783,0.415865966,0.554436718,48.46999741,51.75,-76.65000153,163.9599915,0,0,297.6600037,297.6600037,999.5247856,999.5247856,nan,nan,20.73065055,9.069999695,6.636926517
32.8356,-114.4,98,35.77083333,16,1,0.187902704,0.215003133,0.171338439,0.110748775,0.133402571,0.911846586,0.589394261,0.709955569,0.88628164,0.572869735,0.690050932,10.90999985,52.41999817,-82.75999451,156.3399963,0,0,288.8299866,288.8299866,999.5247856,999.5247856,nan,nan,8.27287144,4.75,3.112319874
32.8356,-114.4,98,38.79166667,16,1,0.200765327,0.211742953,0.165499151,0.074603662,0.103906512,0.824341302,0.371596347,0.51755208,0.815424006,0.36757661,0.51195347,54.5399971,49.41999817,-75.69999695,165.019989,0,0,297.3099976,297.3099976,999.5247856,999.5247856,nan,nan,29.6349471,11.05999947,9.087699283
32.8356,-114.4,98,44.76736111,16,1,0.196702123,0.217531577,0.168782815,0.085256338,0.113527529,0.858063009,0.433428663,0.577154569,0.84026726,0.424439594,0.565184705,1.370000005,50.32999802,118.4300003,153.1900024,0,0,296.6999817,296.6999817,999.5247856,999.5247856,nan,nan,18.32388141,10.44999981,7.138836813
32.8356,-114.4,98,49.78125,16,1,0.183588773,0.202935234,0.153415054,0.079760544,0.104256146,0.835645076,0.434452187,0.567878656,0.818396658,0.425484729,0.556157163,33.29999924,47.07999802,-77.54999542,158.0399933,0,0,300.3699951,300.3699951,999.5247856,999.5247856,nan,nan,22.56456749,10.72999954,8.467235785
32.8356,-114.4,98,51.77083333,16,1,0.221818298,0.253827184,0.190538347,0.097522602,0.128844753,0.8589839,0.439650842,0.580857188,0.834888633,0.427318243,0.564563624,11.52999973,47.43999863,-79.36999512,153.9499969,0,0,301.5099792,301.5099792,999.5247856,999.5247856,nan,nan,18.65050539,10.75,7.462907357
32.8356,-114.4,98,52.80208333,16,1,0.214029461,0.218645364,0.164061248,0.057730462,0.089816704,0.766535819,0.269731382,0.419646454,0.763243694,0.268572938,0.417844153,63.71999741,44.12999725,-73.83999634,167.9299927,0,0,300.5299988,300.5299988,999.5247856,999.5247856,nan,nan,45.52741219,14.96999931,12.46715463
32.8356,-114.4,98,56.78472222,16,1,0.216818616,0.233379304,0.193449423,0.118775368,0.145248354,0.892217774,0.547809824,0.669907208,0.878793261,0.539567352,0.659827631,41.95999908,44.11999893,-77.50999451,159.25,0,0,299.9100037,299.9100037,999.5247856,999.5247856,nan,nan,13.58650418,5.079999924,4.962614042
32.8356,-114.4,98,63.78819444,16,1,0.231568754,0.257548004,0.191200092,0.086951725,0.120912798,0.825673107,0.375489887,0.522146429,0.807553533,0.367249681,0.510687813,48.86999893,41.04999924,-75.97000122,160.6799927,0,0,300.789978,300.789978,999.5247856,999.5247856,nan,nan,25.24761725,11.63000011,8.870303209
32.8356,-114.4,98,65.78125,16,1,0.239355579,0.269218981,0.194603801,0.084121913,0.119586192,0.813032233,0.351451648,0.499617317,0.79323842,0.342895323,0.487453799,33.20000076,41.22999954,-78.02999878,156.0899963,0,0,304.3599854,304.3599854,999.5247856,999.5247856,nan,nan,27.81610396,14.88999939,11.01739905
32.8356,-114.4,98,70.79166667,16,1,0.223249152,0.23790431,0.158824369,0.040902361,0.073669702,0.711422049,0.18321396,0.329988719,0.702202848,0.180839721,0.32571245,54.64999771,37.90999985,-75.66999817,162.4799957,0,0,297.7200012,297.7200012,999.5247856,999.5247856,nan,nan,74.97297274,30.34000015,25.02548718
32.8356,-114.4,98,76.76736111,16,1,0.233621851,0.264734,0.19149749,0.085523382,0.119503483,0.819689979,0.366076125,0.511525283,0.79842425,0.356578784,0.498254463,1.389999986,38.79000092,99.25999451,147.9199982,0,0,302.1300049,302.1300049,999.5247856,999.5247856,nan,nan,25.84596225,15.48999977,11.31978929
32.8356,-114.4,98,77.79861111,16,1,0.258254021,0.277084231,0.199429497,0.078116104,0.115996756,0.772222233,0.302477784,0.449157597,0.761123002,0.298130239,0.442701808,59.43000031,34.75,-74.25,164.6199951,0,0,301.0700073,301.0700073,999.5247856,999.5247856,nan,nan,43.68614092,15.2699995,13.72360104
32.8356,-114.4,98,79.78819444,16,1,0.2071044,0.229364812,0.161968187,0.06013922,0.091737494,0.782060577,0.290381181,0.442952897,0.76560257,0.284270279,0.433631212,48.66999817,34.75,-76.48999786,159.3499908,0,0,297.6799927,297.6799927,999.5247856,999.5247856,nan,nan,33.91156762,18.45999908,12.41584771
32.8356,-114.4,98,86.79166667,16,1,0.253029734,0.278975159,0.214163899,0.107314937,0.143644869,0.846398153,0.424119866,0.567699563,0.829389199,0.415596885,0.556291249,54.43999863,31.52999878,-75.15000153,161.4799957,0,0,300.0799866,300.0799866,999.5247856,999.5247856,nan,nan,18.1710602,8.960000038,6.281626934
32.8356,-114.4,98,100.8020833,16,1,0.255506694,0.275548518,0.194518864,0.068667918,0.107731655,0.761306332,0.268751935,0.421639267,0.749547502,0.264600901,0.415126797,63.3599968,25.38999939,-73.20999908,167.1199951,0,0,306.7200012,306.7200012,999.5247856,999.5247856,nan,nan,43.83660835,16.94000053,13.13593467
32.8356,-114.4,98,104.7847222,16,1,0.271469265,0.303972364,0.206760243,0.06885583,0.111038894,0.761634075,0.253641345,0.409029337,0.743822457,0.247709674,0.399463753,41.18999863,25.65999985,-77.33000183,153.3000031,0,0,307.7799988,307.7799988,999.5247856,999.5247856,nan,nan,45.2064841,25.04999924,18.54045796
32.8356,-114.4,98,105.7465278,16,1,0.307007313,0.344470859,0.24867332,0.102355935,0.148951486,0.80999152,0.333399012,0.485172436,0.790694125,0.32545605,0.473613594,51.07999802,32.66999817,95.43999481,129.2299957,0,0,309.039978,309.039978,999.5247856,999.5247856,nan,nan,30.51680492,14.53999996,10.97844669
32.8356,-114.4,98,107.7361111,16,1,0.303446561,0.322804242,0.245124847,0.098860577,0.144268513,0.807802355,0.325792378,0.475433013,0.797625811,0.321688106,0.469443596,61.43999863,34.13000107,94.31999969,124.4899979,0,0,311.8500061,311.8500061,999.5247856,999.5247856,nan,nan,32.21864142,12.38000011,9.763889696
32.8356,-114.4,98,111.7881944,16,1,0.273618996,0.304182053,0.216655821,0.084391356,0.126094312,0.791815713,0.308426523,0.460839025,0.774513194,0.301686879,0.450768909,48.16999817,22.69999886,-76.06999969,155.3000031,0,0,313.0099792,313.0099792,999.5247856,999.5247856,nan,nan,32.8657871,17.82999992,12.72196038
32.8356,-114.4,98,112.75,16,1,0.320173472,0.346629798,0.255849272,0.098775558,0.147262499,0.799095785,0.308506378,0.459945971,0.78610443,0.303490814,0.452468368,44.36999893,29.6099987,96.90999603,128.8000031,0,0,306.539978,306.539978,999.5247856,999.5247856,nan,nan,39.35636961,17.61999893,15.4391771
32.8356,-114.4,98,113.78125,16,1,0.280231923,0.317259491,0.226874501,0.095900856,0.1375238,0.809595489,0.342219598,0.490749943,0.788751643,0.333408812,0.478115095,32.27000046,23.26999855,-77.62999725,147.8399963,0,0,316.1000061,316.1000061,999.5247856,999.5247856,nan,nan,29.68195993,17.38999939,13.06870698
32.8356,-114.4,98,114.7430556,16,1,0.312807649,0.345353812,0.244823575,0.087751471,0.135548428,0.782664924,0.280528531,0.433328366,0.766710402,0.274809994,0.424495025,56.86000061,31.15999985,94.80999756,123.7199936,0,0,320.3599854,320.3599854,999.5247856,999.5247856,nan,nan,40.5646516,17.47999954,13.53147286
32.8356,-114.4,98,118.7916667,16,1,0.283927679,0.313498378,0.234990835,0.107440122,0.149027407,0.827643279,0.378406649,0.524878052,0.810755453,0.370685369,0.514168065,54.00999832,19.93999863,-75.22000122,157.6499939,0,0,321.75,321.75,999.5247856,999.5247856,nan,nan,20.59923069,11.53999996,7.448691162
32.8356,-114.4,98,120.7847222,16,1,0.29278791,0.316710949,0.23612234,0.09840066,0.141741708,0.806462058,0.336081705,0.484110523,0.793495119,0.330677916,0.476326608,40.80999756,20.48999977,-77.65000153,149.2599945,0,0,322.9199829,322.9199829,999.5247856,999.5247856,nan,nan,32.18959565,16.61999893,13.47549046
32.8356,-114.4,98,125.7986111,16,1,0.287766159,0.303930521,0.236948207,0.108348981,0.150045916,0.823405393,0.376517451,0.521416129,0.814257718,0.372334506,0.515623423,58.97999954,17.42000008,-74.87999725,160.5599976,0,0,323.2399902,323.2399902,999.5247856,999.5247856,nan,nan,27.75075439,10.59999943,9.285705658
32.8356,-114.4,98,127.7881944,16,1,0.294450879,0.332856178,0.254743367,0.139576078,0.179213509,0.865147247,0.474021602,0.608636352,0.843152724,0.461970615,0.593163072,47.96999741,17.94999886,-75.97999573,151,0,0,328.2200012,328.2200012,999.5247856,999.5247856,nan,nan,15.37984037,8.090000153,6.043699087
32.8356,-114.4,98,133.7638889,16,1,0.352425695,0.405133992,0.306655496,0.162193716,0.211453706,0.87012809,0.460221029,0.599995146,0.844856963,0.446854831,0.582569489,15.30999947,21.72999954,98.72000122,127.2699966,0,0,316.5499878,316.5499878,999.5247856,999.5247856,nan,nan,17.93580221,10.42000008,8.48714042
32.8356,-114.4,98,134.7916667,16,1,0.292426914,0.326171607,0.234555855,0.095132515,0.138611525,0.802100779,0.325320654,0.474003994,0.784006642,0.317981929,0.463311207,54.02000046,15.67000008,-76.00999451,153.2200012,0,0,315.5,315.5,999.5247856,999.5247856,nan,nan,34.06747255,15.28999996,12.43011373
32.8356,-114.4,98,139.7361111,16,1,0.320035547,0.344687134,0.243661612,0.078169562,0.127082884,0.761357964,0.244252748,0.397089903,0.749806792,0.240546994,0.391065334,61.66999817,27.63999939,94.26999664,111.3999939,0,0,319.039978,319.039978,999.5247856,999.5247856,nan,nan,43.42728925,19.40999985,13.41970286
32.8356,-114.4,98,140.7673611,16,1,0.344631434,0.394850165,0.302828699,0.16833584,0.215269521,0.878703072,0.488451789,0.624636931,0.853819824,0.474619736,0.606948366,2.919999838,19.60000038,102.9599991,126.8600006,0,0,313.6199951,313.6199951,999.5247856,999.5247856,nan,nan,9.674815621,9.170000076,4.690122856
32.8356,-114.4,98,141.7986111,16,1,0.292075247,0.310483307,0.241734937,0.112880796,0.155131519,0.827646093,0.386478476,0.531135454,0.817343469,0.381667552,0.524523825,58.98999786,13.69999981,-74.87999725,155.8999939,0,0,318.1799927,318.1799927,999.5247856,999.5247856,nan,nan,23.55027787,10.18999958,7.928521147
32.8356,-114.4,98,147.7708333,16,1,0.334712982,0.383686036,0.280783147,0.131747335,0.180747807,0.838877371,0.393612863,0.540008355,0.815027455,0.382422152,0.52465551,9.630000114,17.77000046,-79.50999451,126.6699982,0,0,328.8899841,328.8899841,999.5247856,999.5247856,nan,nan,24.73307101,14.56999969,11.98079084
32.8356,-114.4,98,148.8020833,16,1,0.290297627,0.29725799,0.224540845,0.080648691,0.124069415,0.773484946,0.277813812,0.427386941,0.769793533,0.276487962,0.425347261,63.11999893,12.06999969,-74.08999634,159.1799927,0,0,326.519989,326.519989,999.5247856,999.5247856,nan,nan,46.46879287,15.88999939,14.36708552
32.8356,-114.4,98,149.7638889,16,1,0.361507714,0.412883103,0.295216799,0.124106392,0.178990036,0.816626555,0.343302197,0.495120932,0.79405719,0.333814246,0.481437119,15.40999985,19.75,98.02999878,119.9799957,0,0,327.8099976,327.8099976,999.5247856,999.5247856,nan,nan,33.00429858,18.15999985,15.71788841
32.8356,-114.4,98,153.7465278,16,1,0.329368293,0.373335153,0.255973488,0.087777302,0.138590574,0.777164935,0.266501978,0.420776915,0.756955961,0.259572006,0.409835261,51.47999954,24.22999954,95.5,109.8199997,0,0,327.4599915,327.4599915,999.5247856,999.5247856,nan,nan,45.68038603,21.02000046,16.90433408
32.8356,-114.4,98,155.7361111,16,1,0.318858057,0.35819903,0.221139461,0.051155083,0.097084194,0.693535747,0.160432148,0.304474647,0.676834076,0.156568634,0.297142314,61.77999878,26.63999939,93.51999664,105.909996,0,0,329.4599915,329.4599915,999.5247856,999.5247856,nan,nan,82.85677996,33.22999954,25.62397444
32.8356,-114.4,98,156.7673611,16,1,0.335068494,0.388334036,0.262960404,0.094693318,0.146586865,0.784795971,0.282608839,0.437483284,0.760613171,0.273900495,0.42400262,3.099999905,18.27000046,97.75,119.9599991,0,0,330.5899963,330.5899963,999.5247856,999.5247856,nan,nan,40.77223535,25.34000015,19.84483184
32.8356,-114.4,98,161.78125,16,1,0.315816492,0.359874845,0.274365932,0.151686475,0.194714904,0.868751122,0.48029941,0.616544445,0.845169839,0.467262217,0.599809032,31.79999924,14.92000008,-77.5,127.9499969,0,0,322.1900024,322.1900024,999.5247856,999.5247856,nan,nan,14.99038554,9.010000229,6.778351194
32.8356,-114.4,98,162.7430556,16,1,0.330455393,0.375375718,0.281762749,0.138152733,0.18637009,0.852649874,0.418067723,0.563979568,0.830082486,0.407002575,0.54905252,57.06999969,25.32999992,94.44999695,105.8399963,0,0,328.6600037,328.6600037,999.5247856,999.5247856,nan,nan,22.27484043,9.069999695,7.56128122
32.8356,-114.4,98,163.7708333,16,1,0.338088691,0.388054818,0.284220457,0.134656787,0.184154466,0.840668335,0.39828835,0.54469277,0.816533246,0.386853728,0.529054964,9.539999962,17.02000046,-81.15000153,120.6299973,0,0,330.519989,330.519989,999.5247856,999.5247856,nan,nan,21.74577269,14.27999973,10.55708569
32.8356,-114.4,98,168.7847222,16,1,0.303514779,0.344121784,0.244528219,0.100727871,0.14697969,0.805655066,0.331871389,0.484258758,0.784659276,0.323222648,0.471638722,40.61000061,13.89999962,-77.11999512,129.9400024,0,0,326.9899902,326.9899902,999.5247856,999.5247856,nan,nan,29.21434451,17.27999878,12.44531912
32.8356,-114.4,98,170.7743056,16,1,0.310756803,0.354645103,0.24490802,0.090973079,0.138598919,0.788101879,0.292746863,0.446004457,0.766452601,0.284705063,0.433752647,21.44999886,16.02000046,-79.43000031,122.2399979,0,0,327.8200073,327.8200073,999.5247856,999.5247856,nan,nan,40.83747199,23.35000038,19.31013216
32.8356,-114.4,98,175.7881944,16,1,0.315156698,0.327533126,0.257000715,0.110103265,0.156627923,0.815469625,0.349360382,0.496984275,0.809114723,0.346637839,0.493111309,47.86999893,13.15999985,-76.86000061,133.0899963,0,0,330.9899902,330.9899902,999.5247856,999.5247856,nan,nan,26.15836408,14.10999966,10.38981034
32.8356,-114.4,98,176.75,16,1,0.350868106,0.391248375,0.292590648,0.137229636,0.186540961,0.833904943,0.391114593,0.531655509,0.815142523,0.382314721,0.519693541,44.75999832,23.31999969,96.33999634,107.6699982,0,0,322.2200012,322.2200012,999.5247856,999.5247856,nan,nan,25.43463624,12.42000008,10.1849126
32.8356,-114.4,98,177.78125,16,1,0.311536163,0.353146344,0.246142164,0.095537908,0.143117026,0.790091787,0.306667154,0.459391372,0.769535264,0.298688321,0.447438977,31.79999924,15.25999928,-77.5,124.9399948,0,0,331.4799805,331.4799805,999.5247856,999.5247856,nan,nan,36.92326629,20.90999985,16.68345754
32.8356,-114.4,98,178.7430556,16,1,0.334267199,0.363722801,0.26666072,0.099891529,0.150669918,0.797747194,0.298837364,0.450746941,0.783931202,0.293661871,0.442940563,57.07999802,25.90999985,95.09999847,104.4799957,0,0,332.9899902,332.9899902,999.5247856,999.5247856,nan,nan,37.03779676,15.92000008,12.54758065
32.8356,-114.4,98,179.7708333,16,1,0.331609279,0.368760139,0.257003367,0.086860098,0.137956977,0.775018624,0.261935065,0.416022668,0.758033811,0.256194663,0.406905381,9.550000191,17.56999969,-82.23999786,118.6899948,0,0,332.0599976,332.0599976,999.5247856,999.5247856,nan,nan,37.66456053,27.46999931,18.25728941
32.8356,-114.4,98,182.7916667,16,1,0.286985308,0.317892253,0.212406546,0.063386925,0.107424133,0.740130383,0.220871671,0.374319275,0.724524812,0.216214615,0.366426793,53.80999756,12.71999931,-75.47999573,137.6299896,0,0,328.6199951,328.6199951,999.5247856,999.5247856,nan,nan,54.33747027,26.39999962,19.98626478
32.8356,-114.4,98,189.7986111,16,1,0.28937158,0.302510768,0.196107492,0.041316934,0.081610225,0.677701286,0.142781589,0.282025709,0.671602339,0.141496631,0.27948763,58.87999725,12.56999969,-75.01000214,143.5299988,0,0,334.2799988,334.2799988,999.5247856,999.5247856,nan,nan,83.01465704,39.37999725,28.05097331
32.8356,-114.4,98,191.7881944,16,1,0.299157679,0.335809022,0.21323511,0.054759402,0.099641368,0.712785012,0.183045282,0.333073074,0.695737342,0.17866739,0.325106969,47.77000046,14.50999928,-76.12999725,134.1999969,0,0,332.0099792,332.0099792,999.5247856,999.5247856,nan,nan,55.86124245,35.88999939,22.16010509
32.8356,-114.4,98,192.75,16,1,0.348839998,0.396653146,0.236762822,0.050039411,0.09963835,0.678714663,0.143445164,0.285627654,0.660605708,0.139617868,0.278006752,44.75999832,24.52999878,96.33999634,109.5899963,0,0,323.1399841,323.1399841,999.5247856,999.5247856,nan,nan,108.4507839,48.29999924,43.24992353
32.8356,-114.4,98,196.8020833,16,1,0.268201262,0.29240644,0.184157819,0.040356934,0.078780368,0.686640389,0.150472574,0.293736008,0.674466265,0.147804697,0.288528073,63,12.82999992,-73.5,150.3799896,0,0,331.5700073,331.5700073,999.5247856,999.5247856,nan,nan,96.68032715,34.38999939,29.94779496
32.8356,-114.4,98,197.7638889,16,1,0.354801774,0.407017827,0.276463509,0.097277604,0.151368678,0.779205542,0.274174514,0.426628864,0.756926228,0.266335222,0.414430544,15.5899992,21.51000023,100.0400009,117.0899963,0,0,333.3899841,333.3899841,999.5247856,999.5247856,nan,nan,47.60763954,26.19999886,22.53023189
32.8356,-114.4,98,198.7916667,16,1,0.294948906,0.326863945,0.215410829,0.061465923,0.106345624,0.730332693,0.208395154,0.360556088,0.714862313,0.203980793,0.352918556,53.80999756,14.56999969,-75.47999573,140.6399994,0,0,332.1999817,332.1999817,999.5247856,999.5247856,nan,nan,63.28248349,28.38999939,23.20752802
32.8356,-114.4,98,202.7743056,16,1,0.312767088,0.332713544,0.253053963,0.10304828,0.14987354,0.809081174,0.329472901,0.479185776,0.798891449,0.325323455,0.473150817,21.36999893,18.87999916,-80.18000031,126.9699936,0,0,333.3099976,333.3099976,999.5247856,999.5247856,nan,nan,24.06942752,18.52999878,11.2965408
32.8356,-114.4,98,203.7361111,16,1,0.316665739,0.35483551,0.22029984,0.051063471,0.097589985,0.695685744,0.161253537,0.308179801,0.679309431,0.157457659,0.300925306,61.7899971,29.3599987,93.51999664,107.8399963,0,0,331.6600037,331.6600037,999.5247856,999.5247856,nan,nan,64.16717198,32.43000031,19.66593608
32.8356,-114.4,98,204.7673611,16,1,0.3305915,0.350373417,0.2388753,0.059541781,0.108996935,0.722569394,0.18010681,0.329702776,0.714024245,0.177976856,0.325803691,3.149999857,21.27000046,109.3299942,122.1399994,0,0,331.5,331.5,999.5247856,999.5247856,nan,nan,59.22947921,43.27000046,28.54967626
32.8356,-114.4,98,209.78125,16,1,0.297346771,0.338029802,0.227346882,0.073920883,0.119410962,0.764585005,0.248601601,0.401588225,0.744220142,0.241980051,0.390891848,31.80999947,19,-79.04999542,133.3099976,0,0,335.3500061,335.3500061,999.5247856,999.5247856,nan,nan,57.35377652,27.70999908,25.6689131
32.8356,-114.4,98,210.7430556,16,1,0.326530099,0.35577777,0.238873079,0.063511446,0.112197675,0.731549956,0.19450411,0.343605919,0.718675441,0.19108104,0.337558814,57.07999802,28.96999931,95.09999847,112.0799942,0,0,338.1099854,338.1099854,999.5247856,999.5247856,nan,nan,62.35088,28.06999969,20.90165968
32.8356,-114.4,98,211.7708333,16,1,0.309931427,0.356789142,0.223233745,0.056232736,0.102833629,0.720268178,0.181436055,0.331794777,0.699128306,0.176110906,0.322056599,9.550000191,21.27999878,-81.68999481,128.0299988,0,0,334.0799866,334.0799866,999.5247856,999.5247856,nan,nan,56.44815388,44.36000061,27.04460054
32.8356,-114.4,98,212.8020833,16,1,0.273876339,0.296035737,0.177054256,0.031472575,0.06879577,0.646475182,0.114915275,0.251192822,0.63618048,0.113085323,0.247192737,63.00999832,15.84999943,-73.69999695,155.3600006,0,0,333.539978,333.539978,999.5247856,999.5247856,nan,nan,112.0336851,44.71999741,34.54666667
32.8356,-114.4,98,217.7465278,16,1,0.331939548,0.376298249,0.237960562,0.059171338,0.108796381,0.716879213,0.178259379,0.327759621,0.698217959,0.173619066,0.319227632,51.48999786,28.76000023,95.84999847,116.9899979,0,0,333.539978,333.539978,999.5247856,999.5247856,nan,nan,71.52657657,34.23999786,26.04043012
32.8356,-114.4,98,218.7743056,16,1,0.299093783,0.344594806,0.244705588,0.103569835,0.14804621,0.818156717,0.346278797,0.494982574,0.793998577,0.336054043,0.480366965,21.36999893,21.60000038,-80.43000031,134.5800018,0,0,331.1199951,331.1199951,999.5247856,999.5247856,nan,nan,21.11810297,17.97999954,9.825313905
32.8356,-114.4,98,219.7361111,16,1,0.323228657,0.361906499,0.256215811,0.095251314,0.144306868,0.792676655,0.294687096,0.446454437,0.774149564,0.287799427,0.436019537,61.7899971,31.39999962,94.13999939,114.3099976,0,0,328.7299805,328.7299805,999.5247856,999.5247856,nan,nan,41.23814657,14.90999985,12.54559277
32.8356,-114.4,98,220.7673611,16,1,0.325634956,0.3779957,0.272277385,0.125721395,0.173920542,0.836142987,0.386080771,0.534096658,0.810091131,0.374051584,0.517455714,3.189999819,23.88999939,97.77999878,129.8300018,0,0,332.4100037,332.4100037,999.5247856,999.5247856,nan,nan,23.68322952,15.21000004,11.30326657
32.8356,-114.4,98,223.7881944,16,1,0.293028295,0.328191906,0.223026305,0.073377892,0.118120506,0.76110843,0.250412311,0.403102733,0.743269844,0.244543237,0.393654956,47.77000046,20.28999901,-76.62999725,147.4400024,0,0,332.5899963,332.5899963,999.5247856,999.5247856,nan,nan,33.22426996,24.38999939,13.00866467
32.8356,-114.4,98,224.75,16,1,0.291300565,0.330294937,0.199249148,0.043798804,0.083867312,0.683998496,0.150356057,0.28790645,0.666163564,0.146435595,0.280399427,44.77000046,28.77999878,97.11000061,122.4499969,0,0,323.7099915,323.7099915,999.5247856,999.5247856,nan,nan,96.85846971,46,37.99109302
32.8356,-114.4,98,225.78125,16,1,0.289743453,0.320739687,0.190873176,0.034337074,0.074477404,0.658766139,0.11850854,0.25704603,0.644966664,0.116026088,0.25166157,31.70999908,22.25,-78.70999908,141.4700012,0,0,335.8299866,335.8299866,999.5247856,999.5247856,nan,nan,107.5092479,63.0399971,47.65638278
32.8356,-114.4,98,226.7430556,16,1,0.317449123,0.360215187,0.207578242,0.036669903,0.080430657,0.65389452,0.115514266,0.253365503,0.636738511,0.112483558,0.246718038,57.07999802,31.32999992,94.87999725,119.4899979,0,0,338.1999817,338.1999817,999.5247856,999.5247856,nan,nan,113.3190863,49,37.63827627
32.8356,-114.4,98,227.7708333,16,1,0.297668368,0.343501896,0.210393578,0.049701918,0.094352454,0.706805293,0.166970775,0.316971718,0.685689467,0.161982518,0.30750218,9.449999809,24.38999939,-80.06999969,136.3899994,0,0,337.8599854,337.8599854,999.5247856,999.5247856,nan,nan,77.33866338,48.09000015,36.62307828
32.8356,-114.4,98,232.7847222,16,1,0.277409703,0.318430305,0.187317297,0.039684605,0.079697281,0.675237006,0.143054135,0.287290893,0.655841146,0.138944973,0.279038599,40.52000046,23.26999855,-76.86000061,148.4599915,0,0,331.3999939,331.3999939,999.5247856,999.5247856,nan,nan,88.36227174,50.70000076,36.75590721
32.8356,-114.4,98,233.7465278,16,1,0.306857109,0.352961272,0.204107538,0.038834181,0.080034271,0.665154992,0.126554607,0.260819347,0.645750655,0.122862673,0.253210555,51.48999786,31.51000023,96.18999481,125.1100006,0,0,331.4700012,331.4700012,999.5247856,999.5247856,nan,nan,115.9424889,49.93999863,41.72110908
32.8356,-114.4,98,237.7986111,16,1,0.265187889,0.297022194,0.175006867,0.035099942,0.071172454,0.659935365,0.132358768,0.268385007,0.644462549,0.12925549,0.262092464,58.86999893,23.10000038,-74.79999542,161.4199982,0,0,334.9899902,334.9899902,999.5247856,999.5247856,nan,nan,115.9724438,44.27999878,38.38276016
32.8356,-114.4,98,240.75,16,1,0.326344609,0.388231695,0.236765683,0.066977508,0.113304362,0.725508177,0.205235529,0.34719238,0.698997007,0.197735911,0.334505444,44.77000046,31.94999886,97.11000061,130.9499969,0,0,323.1000061,323.1000061,999.5247856,999.5247856,nan,nan,92.96140462,33,35.93257391
32.8356,-114.4,98,245.7638889,16,1,0.294421643,0.342844993,0.202081353,0.042854775,0.086156644,0.686367179,0.14555579,0.292630131,0.664508903,0.140920372,0.283310935,15.5899992,30.47999954,98.34999847,140.6699982,0,0,327.1699829,327.1699829,999.5247856,999.5247856,nan,nan,86.60821738,53.62999725,39.39334729
32.8356,-114.4,98,252.7673611,16,1,0.261643827,0.305982918,0.196212426,0.070275307,0.106239699,0.749921862,0.268591495,0.40604703,0.725338186,0.259786623,0.392736138,3.189999819,31.6799984,102.6299973,146.7200012,0,0,328.2599792,328.2599792,999.5247856,999.5247856,nan,nan,55.66456071,28.69999886,25.57352857
32.8356,-114.4,98,254.7604167,16,1,0.284122139,0.337148368,0.238712981,0.113499165,0.154053763,0.840177334,0.399473145,0.542209639,0.809945032,0.385098808,0.52269918,26.84999847,33.73999786,98.65999603,142.7599945,0,0,321.3999939,321.3999939,999.5247856,999.5247856,nan,nan,24.38895885,13.22999954,10.49716876
32.8356,-114.4,98,255.7881944,16,1,0.287537396,0.289928794,0.246506125,0.15391244,0.18340084,0.857301096,0.535277992,0.637832999,0.85587746,0.534389108,0.636773812,47.86999893,29.8599987,-76.97999573,161.9199982,0,0,324.1099854,324.1099854,999.5247856,999.5247856,nan,nan,31.74710595,6.019999981,12.00812918
32.8356,-114.4,98,258.7430556,16,1,0.279239982,0.326473475,0.197105214,0.048077654,0.089312986,0.705863152,0.172173246,0.319843114,0.682765181,0.166539218,0.309376883,57.07999802,38.18000031,94.76999664,135.9499969,0,0,326.6600037,326.6600037,999.5247856,999.5247856,nan,nan,80.55802052,32.27999878,25.88472883
32.8356,-114.4,98,260.8020833,16,1,0.250243187,0.271152765,0.186458588,0.060733203,0.097418383,0.745109547,0.242696728,0.389294845,0.732862386,0.238707589,0.382896113,63,30.82999992,-73.61000061,172.3199921,0,0,329.1000061,329.1000061,999.5247856,999.5247856,nan,nan,55.39434771,19.61999893,16.45090832
32.8356,-114.4,98,261.7638889,16,1,0.287022501,0.333201349,0.228178918,0.087753445,0.131955922,0.794986168,0.305737162,0.459740686,0.770202695,0.296205891,0.445408398,15.5899992,35.07999802,98.00999451,148.3499908,0,0,330.8399963,330.8399963,999.5247856,999.5247856,nan,nan,35.17353002,20.93999863,15.56236448
32.8356,-114.4,98,262.7916667,16,1,0.260195345,0.291769654,0.193086937,0.062250961,0.100982577,0.742084519,0.239247019,0.388102934,0.724501098,0.233578149,0.378906977,53.79999924,32.00999832,-75.04000092,167.1100006,0,0,326.6900024,326.6900024,999.5247856,999.5247856,nan,nan,52.71243808,23.77999878,18.3508198
32.8356,-114.4,98,266.7743056,16,1,0.256142288,0.295481354,0.190181539,0.056325417,0.0959768,0.742483952,0.219898937,0.37470111,0.720357052,0.213345689,0.363534574,21.3599987,34.96999741,-79.43999481,157.7599945,0,0,328.1900024,328.1900024,999.5247856,999.5247856,nan,nan,53.71070753,32.36999893,23.4127107
32.8356,-114.4,98,268.7673611,16,1,0.262618631,0.30298081,0.207199961,0.076047204,0.116078533,0.788976624,0.28957277,0.442004182,0.765448093,0.280937252,0.428822918,3.119999886,36.70000076,106.0099945,153.5999908,0,0,328.8399963,328.8399963,999.5247856,999.5247856,nan,nan,39.7132028,22.76999855,17.66038914
32.8356,-114.4,98,269.7986111,16,1,0.252262265,0.270329624,0.188331291,0.058792952,0.096899718,0.746569415,0.233062811,0.384122921,0.736026376,0.229771502,0.378698345,58.86999893,34.38000107,-74.90999603,171.769989,0,0,324.1499939,324.1499939,999.5247856,999.5247856,nan,nan,53.75252176,21.53999901,17.0861535
32.8356,-114.4,98,272.75,16,1,0.286553621,0.327463895,0.227051422,0.083091982,0.127372205,0.792352304,0.289970098,0.444496931,0.770356087,0.281920339,0.432157406,44.75999832,40.54999924,96.3299942,146.2200012,0,0,313.3599854,313.3599854,999.5247856,999.5247856,nan,nan,41.45303873,18.45999908,15.2155019
32.8356,-114.4,98,273.78125,16,1,0.262842238,0.275189638,0.207874268,0.078488521,0.118247062,0.790870866,0.298614568,0.449878463,0.783509563,0.29583511,0.445691065,31.79999924,36.97999954,-78.87999725,162.5500031,0,0,323.1600037,323.1600037,999.5247856,999.5247856,nan,nan,36.18863337,19.22999954,14.90209698
32.8356,-114.4,98,274.7430556,16,1,0.279126376,0.30456689,0.222578198,0.083227977,0.125688583,0.797410123,0.298173102,0.450292748,0.78313462,0.292835107,0.442231456,57.07999802,42.63999939,95.08999634,142.9700012,0,0,329.5599976,329.5599976,999.5247856,999.5247856,nan,nan,42.44984098,14.75999928,13.26795615
32.8356,-114.4,98,275.7708333,16,1,0.253737301,0.282553732,0.21604529,0.107730605,0.143346384,0.851452623,0.424575356,0.564940132,0.832542588,0.4151459,0.552393295,9.550000191,38.54000092,-82.22999573,158.3799896,0,0,328.1300049,328.1300049,999.5247856,999.5247856,nan,nan,20.50976057,11.34000015,8.94629449
32.8356,-114.4,98,276.8020833,16,1,0.243248388,0.268016994,0.193548575,0.080775566,0.116701081,0.795682867,0.332070305,0.479760965,0.779802297,0.325442707,0.470185695,63.11999893,36.88000107,-74.20999908,175.7899933,0,0,326.8200073,326.8200073,999.5247856,999.5247856,nan,nan,32.95973377,12.0199995,9.520566529
32.8356,-114.4,98,281.7465278,16,1,0.271030098,0.310925901,0.214198306,0.079146348,0.121082954,0.790311879,0.292020512,0.446750951,0.767710388,0.283669253,0.433974681,51.47999954,44.00999832,95.36999512,147.4899902,0,0,326.8800049,326.8800049,999.5247856,999.5247856,nan,nan,39.92076305,16.71999931,13.3243257
32.8356,-114.4,98,282.7743056,16,1,0.238903806,0.274093539,0.176776946,0.052299012,0.088495053,0.739950313,0.218912425,0.37042128,0.718775661,0.212647959,0.359821188,21.44999886,40.54000092,-79.18999481,162.6499939,0,0,322.6399841,322.6399841,999.5247856,999.5247856,nan,nan,58.51511757,31.51000023,24.48035006
32.8356,-114.4,98,283.7361111,16,1,0.253522217,0.289889514,0.195018411,0.064164713,0.103271775,0.769235978,0.253093057,0.407348027,0.747782376,0.24603442,0.395987296,61.77999878,46.06999969,93.91999817,144.3499908,0,0,321.8399963,321.8399963,999.5247856,999.5247856,nan,nan,50.87419336,19.02999878,14.30585759
32.8356,-114.4,98,287.7881944,16,1,0.236823171,0.268760115,0.19403261,0.086028546,0.121366121,0.819314294,0.363260679,0.512475702,0.797796812,0.353720439,0.499016658,47.86000061,41.43999863,-76.5,170.4700012,0,0,323.8299866,323.8299866,999.5247856,999.5247856,nan,nan,30.66262088,12.57999992,10.85635546
32.8356,-114.4,98,288.75,16,1,0.259832025,0.29980886,0.21095939,0.087120697,0.126848131,0.811906808,0.335296225,0.48819283,0.787669209,0.325286732,0.473618963,44.75999832,45.55999756,96.06999969,151.6100006,0,0,309,309,999.5247856,999.5247856,nan,nan,27.97318381,15.75999928,9.861631262
32.8356,-114.4,98,290.7430556,16,1,0.241469666,0.284739703,0.191169366,0.07224977,0.108879142,0.791691019,0.299208473,0.450901942,0.76429937,0.288856185,0.435301225,57.06999969,47.46999741,94.43999481,148.3899994,0,0,320.6499939,320.6499939,999.5247856,999.5247856,nan,nan,41.72658541,16.51000023,12.5724801
32.8356,-114.4,98,294.7916667,16,1,0.227003783,0.255746245,0.181370422,0.073027186,0.107113756,0.798975329,0.321700304,0.471858904,0.779242316,0.313754982,0.46020498,53.90999985,43.75,-75.69999695,173.6199951,0,0,321.3200073,321.3200073,999.5247856,999.5247856,nan,nan,33.2178094,14.13999939,10.77808444
32.8356,-114.4,98,295.7534722,16,1,0.240849137,0.277852982,0.194366798,0.077521995,0.114668846,0.807006411,0.321869514,0.476102374,0.782948122,0.312274014,0.46190892,36.56999969,47.20000076,97.3299942,155.2899933,0,0,322.1199951,322.1199951,999.5247856,999.5247856,nan,nan,34.45005374,17.52000046,12.67978801
32.8356,-114.4,98,296.7847222,16,1,0.228346244,0.262326062,0.168706477,0.049548894,0.084482685,0.738818708,0.216990188,0.369976241,0.717465736,0.210718845,0.35928337,40.61000061,44.80999756,-77.40999603,169.5800018,0,0,316.6099854,316.6099854,999.5247856,999.5247856,nan,nan,40.64087235,27.80999947,14.90425638
32.8356,-114.4,98,297.7465278,16,1,0.247480929,0.282526493,0.18581526,0.058450524,0.096019864,0.750826581,0.236181932,0.387988943,0.730147469,0.229677057,0.377303031,51.47999954,48.96999741,95.25,151.9799957,0,0,317.6099854,317.6099854,999.5247856,999.5247856,nan,nan,49.11171739,24.17000008,15.69556358
32.8356,-114.4,98,301.7986111,16,1,0.223311335,0.24822928,0.195164308,0.111643478,0.141279042,0.873956121,0.499945417,0.632655042,0.854878,0.489031803,0.618844429,58.86999893,46.0399971,-74.69999695,176.2599945,0,0,301.9599915,301.9599915,999.5247856,999.5247856,nan,nan,11.11904874,5.889999867,3.294627609
32.8356,-114.4,98,304.75,16,1,0.240302503,0.274781972,0.195728019,0.080630533,0.117474876,0.814506784,0.335537634,0.488862475,0.791785146,0.326177412,0.475225073,44.75999832,50.52000046,96.18999481,155.1499939,0,0,297.1399841,297.1399841,999.5247856,999.5247856,nan,nan,30.26614415,14.81999969,10.15258628
32.8356,-114.4,98,307.7708333,16,1,0.205094665,0.236305818,0.158638239,0.054282241,0.085744791,0.773487885,0.264669198,0.418074213,0.750641474,0.256851698,0.405725609,9.630000114,49.21999741,-80.58000183,164.8199921,0,0,315.25,315.25,999.5247856,999.5247856,nan,nan,47.723846,25.28999901,18.74964634
32.8356,-114.4,98,308.8020833,16,1,0.212832898,0.21776022,0.161473125,0.05544398,0.087381646,0.758684991,0.260504745,0.410564564,0.755188298,0.259304108,0.408672319,63.11999893,48.21999741,-74.09999847,178.4799957,0,0,313.7999878,313.7999878,999.5247856,999.5247856,nan,nan,50.21599376,17.17000008,13.52556146
32.8356,-114.4,98,314.7743056,16,1,0.202430815,0.233313918,0.168261811,0.07901255,0.109643899,0.831206511,0.390318789,0.541636406,0.806595465,0.378761909,0.52559919,21.44999886,50.95999908,-78.44999695,167.1499939,0,0,300.3599854,300.3599854,999.5247856,999.5247856,nan,nan,22.86700655,12.90999985,8.589951621
32.8356,-114.4,98,317.7986111,16,1,0.207919285,0.231855422,0.160016358,0.057992291,0.089637317,0.769608063,0.278917325,0.431115935,0.752287066,0.27263994,0.421413129,58.86999893,50.87999725,-74.26999664,176.4599915,0,0,303.3399963,303.3399963,999.5247856,999.5247856,nan,nan,44.17920298,17.05999947,12.55367495
32.8356,-114.4,98,324.8020833,16,1,0.189069226,0.205364004,0.140968248,0.047719099,0.076014422,0.745590654,0.252389559,0.402045448,0.732956797,0.248112877,0.395232884,63.11999893,52.54999924,-73.68999481,177.9899902,0,0,307.9199829,307.9199829,999.5247856,999.5247856,nan,nan,53.95669799,18.09000015,13.99170014
32.8356,-114.4,98,328.7847222,16,1,0.18912369,0.215019256,0.160366789,0.079184756,0.106771842,0.847946592,0.41869295,0.564560905,0.825344698,0.40753275,0.549512615,40.70999908,53.93000031,-77.25999451,170.6699982,0,0,305.539978,305.539978,999.5247856,999.5247856,nan,nan,21.16540336,9.809999466,7.013817595
32.8356,-114.4,98,337.78125,16,1,0.181489557,0.193876535,0.158955529,0.089117833,0.113507211,0.875838434,0.491035594,0.625420069,0.864043934,0.484423051,0.616997834,31.89999962,55.81999969,-78.86999512,168.3799896,0,0,298.8099976,298.8099976,999.5247856,999.5247856,nan,nan,14.01881819,6.71999979,4.739440969
32.8356,-114.4,98,346.7743056,16,1,0.169696584,0.196745545,0.1388596,0.058554143,0.084789172,0.818281643,0.345051982,0.499651611,0.79300139,0.334391836,0.484215216,21.44999886,57.23999786,-79.43999481,165.8799896,0,0,299.8899841,299.8899841,999.5247856,999.5247856,nan,nan,26.17427951,14.50999928,8.956335292
32.8356,-114.4,98,356.8020833,16,1,0.171082214,0.18885161,0.140729487,0.06533742,0.090448372,0.822583973,0.381906559,0.528683668,0.805844225,0.374134685,0.51792485,63.11999893,56.46999741,-74.20999908,174.5299988,0,0,300.2399902,300.2399902,999.5247856,999.5247856,nan,nan,24.61200409,8.829999924,6.119109481
32.8356,-114.4,98,365.7951389,16,1,0.171018869,0.187380225,0.146678686,0.08285968,0.105572671,0.857675455,0.484506071,0.617315923,0.84157282,0.475409594,0.605725975,58.86999893,56.39999771,-74.16999817,171.5800018,0,0,294.4599915,294.4599915,999.5247856,999.5247856,nan,nan,15.32404974,5.829999924,4.095868217
32.8356,-114.4,98,365.7986111,16,1,0.159918979,0.176976547,0.140390948,0.078523666,0.099279411,0.877887969,0.491021555,0.620810687,0.859551364,0.480765499,0.607843702,58.86999893,56.40999985,-74.80999756,171.5800018,0,0,294.3200073,294.3200073,999.5247856,999.5247856,nan,nan,15.32599508,5.5,4.095868217
35.6833,-117.6833,684,41.8125,16,1,0.195460409,0.213802859,0.164715454,0.083478637,0.111478731,0.842704949,0.427087191,0.570339189,0.827180057,0.419219096,0.559832006,63.82999802,50.50999832,-72.51999664,170.4799957,0,0,284.3399963,284.3399963,920.5552845,920.5552845,nan,nan,19.31879695,7.859999657,5.031126566
35.6833,-117.6833,684,110.7569444,16,1,0.303190678,0.338614911,0.254758,0.119107314,0.162982345,0.840256705,0.392846225,0.537557241,0.821070242,0.383875955,0.525282633,47.73999786,32.27999878,96.13999939,132.5500031,0,0,299.5899963,299.5899963,920.5552845,920.5552845,nan,nan,28.31655964,12.07999992,10.60623931
35.6833,-117.6833,684,119.7534722,16,1,0.314231783,0.351119101,0.247793794,0.090128303,0.137972042,0.788570116,0.28682109,0.439077297,0.770480937,0.28024164,0.429005209,53.97999954,30.76000023,94.95999908,127.2399979,0,0,311.3099976,311.3099976,920.5552845,920.5552845,nan,nan,43.63377691,19.02000046,15.23419667
35.6833,-117.6833,684,126.7569444,16,1,0.316972137,0.355605185,0.276434004,0.150837436,0.193665415,0.872108215,0.475869703,0.610985613,0.851355318,0.464545792,0.596446452,48.02999878,28.11999893,95.72999573,126.8999939,0,0,311.5599976,311.5599976,920.5552845,920.5552845,nan,nan,15.62838278,8.25,5.944200888
35.6833,-117.6833,684,198.7916667,16,1,0.285731763,0.324572355,0.225673944,0.085243613,0.127943367,0.789810491,0.298334395,0.447774394,0.768906424,0.290438321,0.435923062,34.13999939,18.56999969,-77.65999603,137.7799988,0,0,323.5,323.5,920.5552845,920.5552845,nan,nan,36.52006239,22.81999969,16.1369195
35.6833,-117.6833,684,224.75,16,1,0.317902386,0.367777556,0.253985822,0.095605619,0.144771397,0.798942799,0.300738917,0.455395755,0.774636515,0.291589519,0.441541223,59.16999817,32.71999741,93.80999756,121.9699936,0,0,313.289978,313.289978,920.5552845,920.5552845,nan,nan,45.16379033,16.27999878,14.38404568
35.6833,-117.6833,684,231.7534722,16,1,0.264027566,0.290209383,0.192021415,0.059800107,0.097237334,0.727277904,0.226491908,0.368284779,0.713134564,0.22208733,0.361122762,54.18999863,33.05999756,94.91999817,127.2099991,0,0,325.4400024,325.4400024,920.5552845,920.5552845,nan,nan,75.73307639,27.51000023,26.09427447
35.6833,-117.6833,684,245.7638889,16,1,0.291343689,0.350167573,0.236225784,0.093953587,0.137771785,0.810814831,0.322483687,0.472884056,0.779344065,0.309966886,0.454529652,40.96999741,34.48999786,97.56999969,138.2299957,0,0,319.2999878,319.2999878,920.5552845,920.5552845,nan,nan,36.96086203,18.61999893,14.56487446
35.6833,-117.6833,684,281.7465278,16,1,0.244389057,0.281194657,0.197768778,0.079407334,0.116630994,0.809237451,0.324921808,0.477234927,0.785575525,0.315421166,0.463280682,63.30999756,47.96999741,93.34999847,144.8000031,0,0,314.3200073,314.3200073,920.5552845,920.5552845,nan,nan,34.07077705,13.46999931,9.158882804
35.6833,-117.6833,684,281.8125,16,1,0.222428963,0.251050413,0.174582616,0.066322692,0.099808864,0.78489156,0.298174711,0.448722429,0.765198889,0.290693606,0.437464131,63.34999847,41.59000015,-72.75,178.4700012,0,0,311.3999939,311.3999939,920.5552845,920.5552845,nan,nan,32.66526138,14.77999973,9.158882804
35.6833,-117.6833,684,287.7881944,16,1,0.205182135,0.236992061,0.174487636,0.087198988,0.116490692,0.850403645,0.424983333,0.567742859,0.824828576,0.412202369,0.55066854,24.56999969,44.79999924,-78.15000153,166.1900024,0,0,312.0499878,312.0499878,920.5552845,920.5552845,nan,nan,20.46488552,11.30000019,8.157033803
35.6833,-117.6833,684,288.75,16,1,0.251353204,0.296430707,0.207626268,0.090696506,0.128874183,0.826033903,0.360832902,0.512721463,0.797431736,0.348338739,0.494968022,59.16999817,49.45000076,93.69999695,148.6699982,0,0,301.4499817,301.4499817,920.5552845,920.5552845,nan,nan,37.90674906,12.21000004,10.8632578
35.6833,-117.6833,684,324.8020833,16,1,0.167608053,0.190188348,0.134523407,0.055033337,0.080615602,0.802607062,0.328345425,0.480976905,0.78154888,0.319730552,0.468357406,49.06999969,55.59999847,-75.63999939,174.1600037,0,0,293.4400024,293.4400024,920.5552845,920.5552845,nan,nan,32.1025406,15.02999973,9.738624402
30.1253,-93.2161,9,158.6909722,14,1,0.344296724,0.37666139,0.235776395,0.044385418,0.094344333,0.684805804,0.12891618,0.27402042,0.672168729,0.126537223,0.26896378,44.27000046,22.29999924,96.72000122,103.6999969,0,0,305.3999939,305.3999939,1011.983202,1011.983202,nan,nan,98.11020984,50.45000076,39.60256125
30.1253,-93.2161,9,280.7152778,14,1,0.242478356,0.28575784,0.196484745,0.071815409,0.110483028,0.810318694,0.29617245,0.455640783,0.78238927,0.285964213,0.439936117,24.01999855,37.31999969,-79.36999512,160.6199951,0,0,300.1600037,300.1600037,1011.983202,1011.983202,nan,nan,34.2549369,20.15999985,14.56260205
30.1253,-93.2161,9,301.7291667,14,1,0.251844317,0.282268375,0.164495677,0.030761035,0.066264711,0.653164141,0.122143059,0.263117755,0.637755332,0.119261579,0.256910539,49.98999786,43.62999725,-76.30999756,171.3999939,0,0,301.2200012,301.2200012,1011.983202,1011.983202,nan,nan,103.8377198,47.47999954,35.35530649
30.1253,-93.2161,9,312.7152778,14,1,0.185807169,0.233054742,0.134093776,0.032483887,0.061229646,0.72168247,0.1748258,0.329533283,0.686756397,0.166365045,0.313585406,24.1099987,47.7899971,-78.69999695,166.1900024,0,0,298.5599976,298.5599976,1011.983202,1011.983202,nan,nan,72.87085577,41.70000076,28.20076904
37.2347,-93.4014,398,99.70138889,14,1,0.280469716,0.30324015,0.220498651,0.073491499,0.117516622,0.786176329,0.262030069,0.418999326,0.773614868,0.257843374,0.41230459,26.93999863,34.91999817,97.88999939,143.1399994,0,0,300.0899963,300.0899963,958.440364,958.440364,nan,nan,41.41259612,24.48999977,17.6877756
46.8683,-68.0136,189,14.61805556,14,1,0.177172512,0.125497058,0.149849311,0.077455849,0.101921924,0.845781939,0.437177572,0.575269394,0.898175659,0.464259445,0.610905652,54.43999863,72.34999847,94.29000092,153.8499908,0,0,260.2900085,260.2900085,986.9149328,986.9149328,nan,nan,18.99166413,4.299999714,3.784962306
46.8683,-68.0136,189,30.61805556,14,1,0.230403706,0.120819807,0.187945426,0.100647643,0.129557014,0.815722231,0.436831702,0.562304381,0.901473434,0.482752779,0.621415528,54.21999741,69.26000214,93.88999939,151.6199951,0,0,260.2099915,260.2099915,986.9149328,986.9149328,nan,nan,11.50162224,4.069999695,2.536641746
46.8683,-68.0136,189,53.625,14,1,0.28124851,0.181441918,0.233366221,0.116952598,0.154773608,0.82975096,0.415833663,0.550309077,0.893140685,0.447601727,0.592350536,48.77000046,61.70999908,96.19999695,150.4299927,0,0,267.8299866,267.8299866,986.9149328,986.9149328,nan,nan,16.26550753,5.900000095,4.484247233
46.8683,-68.0136,189,55.61458333,14,1,0.262719184,0.145151436,0.20690909,0.09107732,0.126392245,0.787567497,0.346671754,0.481092562,0.864984183,0.380749059,0.528383228,58.09999847,62.09999847,93.75999451,146.9899902,0,0,270,270,986.9149328,986.9149328,nan,nan,25.88850552,7.579999924,6.424838233
46.8683,-68.0136,189,62.61805556,14,1,0.362502247,0.231476292,0.299120098,0.153147876,0.201711878,0.825153777,0.422474281,0.556443111,0.889452028,0.455394639,0.599802688,53.90999985,58.97999954,94.43999481,147.7899933,0,0,265.2799988,265.2799988,986.9149328,986.9149328,nan,nan,11.89187239,6.150000095,3.268694929
46.8683,-68.0136,189,197.625,14,1,0.300142944,0.286265314,0.242127895,0.094045334,0.138189331,0.806708604,0.313335148,0.460411726,0.814238147,0.316259711,0.464709052,49.68000031,32.27999878,95.75999451,133.7200012,0,0,292.3699951,292.3699951,986.9149328,986.9149328,nan,nan,33.08118731,15.17999935,12.1253535
46.8683,-68.0136,189,206.6180556,14,1,0.301595211,0.269382775,0.222917616,0.058647718,0.103101313,0.739128502,0.194458387,0.341853283,0.755261932,0.198702955,0.349315134,54.54999924,34.54999924,94.72000122,132.9700012,0,0,295.9499817,295.9499817,986.9149328,986.9149328,nan,nan,61.49373698,26.32999992,20.92836775
46.8683,-68.0136,189,215.6840278,14,1,0.251495808,0.234502092,0.177430958,0.046805468,0.082692839,0.705502643,0.18610834,0.328804045,0.715167499,0.188657885,0.333308414,56.47999954,29.46999931,-69.05999756,173.8899994,0,0,299.7099915,299.7099915,986.9149328,986.9149328,nan,nan,81.4616493,29.53999901,27.52583472
46.8683,-68.0136,189,222.6180556,14,1,0.277395845,0.275363594,0.200006425,0.04771876,0.088918231,0.721014497,0.172024061,0.320546371,0.722072503,0.172276486,0.321016736,54.5399971,37.93000031,94.37999725,136.8799896,0,0,297.0599976,297.0599976,986.9149328,986.9149328,nan,nan,69.68967222,30.76000023,23.29552797
46.8683,-68.0136,189,245.625,14,1,0.235672444,0.243429169,0.180286676,0.055392042,0.091508642,0.764988357,0.235038263,0.388287405,0.759985651,0.23350121,0.385748167,49.68000031,43.55999756,95.40000153,145.9599915,0,0,289.8699951,289.8699951,986.9149328,986.9149328,nan,nan,45.86195917,21.96999931,15.67698737
46.8683,-68.0136,189,247.6145833,14,1,0.242279843,0.235032722,0.190152779,0.063145816,0.100403018,0.784847709,0.260631738,0.414409293,0.789571269,0.262200335,0.416903392,58.75999832,45.38999939,93.55999756,142.5999908,0,0,293.0700073,293.0700073,986.9149328,986.9149328,nan,nan,43.03311957,17.77999878,12.83759151
46.8683,-68.0136,189,249.6076389,14,1,0.27306065,0.263564795,0.203515753,0.064014137,0.104416959,0.745313371,0.234431936,0.382394751,0.750533424,0.236073859,0.385072981,65.55999756,47.29999924,91.08999634,139.4700012,0,0,289.4199829,289.4199829,986.9149328,986.9149328,nan,nan,47.6197832,18.55999947,12.23669809
46.8683,-68.0136,189,263.6145833,14,1,0.226265341,0.23229678,0.190553799,0.083018929,0.117202349,0.842169634,0.366909613,0.51798631,0.837703587,0.364963883,0.515239415,58.75999832,50.45000076,93.44999695,147.5399933,0,0,281.6399841,281.6399841,986.9149328,986.9149328,nan,nan,27.46702408,10.01000023,7.850747718
46.8683,-68.0136,189,265.6736111,14,1,0.158948168,0.174433112,0.136268824,0.067025475,0.090211272,0.857316104,0.421681332,0.567551506,0.840931175,0.413622205,0.556704525,47.47999954,46.59000015,-71.5,176.0999908,0,0,287.3899841,287.3899841,986.9149328,986.9149328,nan,nan,21.27714817,9.619999886,7.250012975
31.9425,-102.1892,884,134.7256944,7,1,0.275436014,0.349797547,0.215114489,0.070192143,0.113380775,0.780996233,0.254840107,0.411641068,0.740986303,0.241784814,0.390552964,26.28999901,22.18000031,97.68000031,122.1699982,0,0,308.0700073,308.0700073,894.789014,894.789014,nan,nan,41.60738509,31.18999863,18.95310705
31.9425,-102.1892,884,280.7152778,7,1,0.242235079,0.300187171,0.201843396,0.085917167,0.123241559,0.833254194,0.354685075,0.50876842,0.795205358,0.338489112,0.485536559,44.64999771,42.29000092,96.23999786,148.5099945,0,0,310.3699951,310.3699951,894.789014,894.789014,nan,nan,28.67167179,14.89999962,10.39784137
31.9425,-102.1892,884,282.7083333,7,1,0.26008904,0.298691481,0.211632401,0.083667956,0.123655587,0.813692115,0.321689666,0.475435595,0.79023477,0.312415906,0.461729604,57.06999969,44.30999756,95.18000031,145.2899933,0,0,309.0099792,309.0099792,894.789014,894.789014,nan,nan,30.635857,14.38999939,9.464198065
31.9425,-102.1892,884,283.7361111,7,1,0.24266243,0.303488165,0.202708766,0.086910442,0.12394245,0.835352906,0.358153677,0.510760771,0.795474212,0.341055872,0.486377696,10.46000004,40.46999741,-83.04999542,160.1799927,0,0,313.539978,313.539978,894.789014,894.789014,nan,nan,30.28086404,17.47999954,12.98828475
31.8728,-106.6981,1253,302.7604167,7,1,0.195034221,0.224635169,0.166146517,0.084101655,0.112320982,0.851883921,0.431214862,0.575903969,0.826787113,0.418511116,0.55893763,33.56999969,46.09999847,-78.36999512,168.0699921,0,0,292.4400024,292.4400024,848.78147,848.78147,nan,nan,22.53953891,12.13999939,8.530138379
32.8636,-114.0331,233,6.791666667,7,1,0.103750937,0.122373961,0.091659173,0.052207273,0.066156067,0.883453936,0.503198083,0.637643082,0.852837512,0.485759567,0.615545324,55.16999817,56.07999802,-75.25,169.4599915,0,0,294.1399841,294.1399841,980.8641714,980.8641714,nan,nan,13.23218582,5.759999752,3.734870863
32.8636,-114.0331,233,8.784722222,7,1,0.101119295,0.123411469,0.088023096,0.04675407,0.061245173,0.87048764,0.462365463,0.605672472,0.833727876,0.442840263,0.580095569,42.43999863,56.41999817,-76.77999878,165.8300018,0,0,293.2099915,293.2099915,980.8641714,980.8641714,nan,nan,14.21071778,8,4.492753438
32.8636,-114.0331,233,10.77430556,7,1,0.103211358,0.122497536,0.092546605,0.054647848,0.068237118,0.896670737,0.529475137,0.661139623,0.864367424,0.510400352,0.637321515,24.01999855,56.89999771,-79.58999634,162.25,0,0,290.4299927,290.4299927,980.8641714,980.8641714,nan,nan,15.0492053,6.099999905,5.143328402
32.8636,-114.0331,233,13.79861111,7,1,0.108703576,0.126029909,0.0910488,0.043427326,0.059184134,0.837587896,0.399502274,0.544454343,0.811712036,0.387160327,0.527634347,59.98999786,54.94999695,-74.45999908,170.1799927,0,0,293.1499939,293.1499939,980.8641714,980.8641714,nan,nan,27.26866532,9.019999504,7.289775863
32.8636,-114.0331,233,17.78125,7,1,0.096099794,0.115142927,0.079339631,0.035870854,0.04981992,0.825596265,0.373266709,0.518418596,0.794123564,0.359037343,0.498655869,34.23999786,55.5,-77.93999481,162.8399963,0,0,292.5,292.5,980.8641714,980.8641714,nan,nan,29.96721926,13.23999977,10.07246129
32.8636,-114.0331,233,22.79166667,7,1,0.110310689,0.116911352,0.081864059,0.024998598,0.041255087,0.742122636,0.226619905,0.37398993,0.733346383,0.223939926,0.36956717,55.38999939,53.5399971,-75.65999603,167.2899933,0,0,295.0599976,295.0599976,980.8641714,980.8641714,nan,nan,62.00996237,23.03999901,18.00854472
32.8636,-114.0331,233,29.79861111,7,1,0.124378301,0.141946703,0.09817829,0.040048402,0.058251899,0.789352233,0.321988654,0.468344544,0.767665717,0.313142398,0.455477333,60.20999908,51.61999893,-74,168.2200012,0,0,295.6799927,295.6799927,980.8641714,980.8641714,nan,nan,39.93366287,13.92999935,11.02097592
32.8636,-114.0331,233,35.77083333,7,1,0.121611819,0.144460753,0.113254666,0.075036936,0.089635074,0.931280097,0.617020092,0.737058906,0.897552903,0.594674122,0.710365618,13.71000004,52.32999802,-81.51999664,156.7599945,0,0,288.7399902,288.7399902,980.8641714,980.8641714,nan,nan,7.287725518,4.159999847,2.733901202
32.8636,-114.0331,233,36.80208333,7,1,0.1382159,0.155431032,0.116803423,0.061685078,0.080282077,0.845079495,0.446295094,0.580845456,0.8245398,0.435447871,0.566727981,64.31999969,49.41999817,-73.29000092,169.4100037,0,0,289,289,980.8641714,980.8641714,nan,nan,20.27510269,7.109999657,5.273259426
32.8636,-114.0331,233,37.76388889,7,1,0.131998792,0.164167389,0.109014086,0.047721304,0.067198679,0.825871847,0.361528338,0.509085559,0.787489045,0.34472613,0.485425556,11.31999969,52.86999893,100.3399963,153,0,0,295.8999939,295.8999939,980.8641714,980.8641714,nan,nan,30.63080715,15.75,11.4443688
32.8636,-114.0331,233,38.79166667,7,1,0.12177293,0.1322411,0.102221943,0.047832936,0.065626837,0.839447186,0.392804345,0.538927965,0.825258569,0.386165035,0.529818824,55.70999908,49.37999725,-75.59999847,165.4499969,0,0,297.9700012,297.9700012,980.8641714,980.8641714,nan,nan,28.73450008,9.989999771,8.678494135
32.8636,-114.0331,233,44.76736111,7,1,0.124652289,0.156747222,0.108768411,0.05836368,0.075667493,0.872574519,0.468211858,0.607028508,0.829841707,0.445282001,0.577300348,1.699999929,50.20999908,-88.84999847,153.6199951,0,0,296.9599915,296.9599915,980.8641714,980.8641714,nan,nan,16.66015972,9.920000076,6.500257709
32.8636,-114.0331,233,45.79861111,7,1,0.125414491,0.144441679,0.101530366,0.043377265,0.061909221,0.809558489,0.345871239,0.493636906,0.785717551,0.33568557,0.47909964,60.55999756,46.81999969,-74.34999847,166.7899933,0,0,298.6499939,298.6499939,980.8641714,980.8641714,nan,nan,32.09302569,12.59000015,9.180184835
32.8636,-114.0331,233,62.76041667,7,1,0.16538991,0.200789243,0.13430211,0.055942114,0.081255592,0.812033269,0.338243816,0.491297155,0.778699387,0.324358942,0.471129458,22.6099987,45.31999969,97.72999573,146.8999939,0,0,301.7799988,301.7799988,980.8641714,980.8641714,nan,nan,29.97118872,18.44999886,11.96247259
32.8636,-114.0331,233,69.76388889,7,1,0.166734159,0.204951599,0.135720044,0.054634776,0.080480814,0.813990638,0.327675962,0.482689417,0.77831102,0.313312956,0.461531712,10.86999989,42.02000046,99.48999786,147.5899963,0,0,303.6900024,303.6900024,980.8641714,980.8641714,nan,nan,32.14543882,18.52000046,13.59602581
32.8636,-114.0331,233,70.79166667,7,1,0.143118963,0.152699709,0.109949239,0.050227381,0.066867001,0.768236694,0.350948472,0.467212731,0.75808704,0.346311873,0.461040093,55.81999969,37.84999847,-74.90000153,163.0399933,0,0,298.519989,298.519989,980.8641714,980.8641714,nan,nan,79.73638832,14.34999943,26.17361094
32.8636,-114.0331,233,76.76736111,7,1,0.161114961,0.194127619,0.138218388,0.073554747,0.095451251,0.857886737,0.456535795,0.592441882,0.824114324,0.438563358,0.569119233,1.509999991,38.65999985,-76.23999786,148.4400024,0,0,302.0799866,302.0799866,980.8641714,980.8641714,nan,nan,23.55466665,10.67999935,10.32657522
32.8636,-114.0331,233,79.78819444,7,1,0.166178748,0.190277174,0.132842705,0.055744372,0.08023309,0.799396471,0.335448263,0.482811976,0.77686504,0.325993468,0.469203653,50.09000015,34.66999817,-75.55999756,159.9499969,0,0,298.4299927,298.4299927,980.8641714,980.8641714,nan,nan,37.14858912,15.28999996,13.3891239
32.8636,-114.0331,233,83.77083333,7,1,0.166349545,0.202696547,0.132470518,0.052173734,0.07785438,0.796338327,0.313639173,0.468016789,0.762995755,0.300507146,0.448420993,13.79999924,35.27999878,-79.97000122,149.5,0,0,303.8599854,303.8599854,980.8641714,980.8641714,nan,nan,32.90919212,21.13999939,14.59578874
32.8636,-114.0331,233,90.77777778,7,1,0.17158185,0.206141412,0.144322515,0.068176374,0.093332067,0.841129262,0.397340243,0.5439507,0.808557749,0.381953817,0.522886996,25.02999878,31.94999886,-78.61000061,150.769989,0,0,308.5700073,308.5700073,980.8641714,980.8641714,nan,nan,20.83968819,13.75999928,9.13146832
32.8636,-114.0331,233,92.76736111,7,1,0.175946072,0.218237847,0.144135296,0.062398613,0.089095593,0.819201559,0.354646239,0.506380118,0.78162601,0.338379146,0.48315322,1.159999967,32.54999924,-70.62999725,145.25,0,0,311.269989,311.269989,980.8641714,980.8641714,nan,nan,30.88139206,17.98999977,14.1233154
32.8636,-114.0331,233,93.79861111,7,1,0.164643884,0.190156817,0.135748014,0.061393995,0.08523839,0.824494727,0.372889617,0.517713673,0.799710377,0.361680538,0.502151176,60.34000015,28.32999992,-74.79999542,164.8199921,0,0,307.8999939,307.8999939,980.8641714,980.8641714,nan,nan,31.68346168,11.09000015,10.03634122
32.8636,-114.0331,233,98.74305556,7,1,0.210527942,0.250577837,0.16659607,0.061992973,0.094240144,0.791325221,0.294464348,0.447637227,0.762321108,0.283671469,0.431230166,55.36000061,35.65999985,95.04999542,130.1100006,0,0,308.4400024,308.4400024,980.8641714,980.8641714,nan,nan,36.88841017,17.18000031,12.33704964
32.8636,-114.0331,233,100.8020833,7,1,0.168816924,0.187977046,0.131717071,0.049809821,0.074659757,0.780236174,0.295052296,0.4422528,0.762918466,0.288503472,0.432436791,64.19999695,25.36999893,-73.19999695,167.9299927,0,0,308.4700012,308.4700012,980.8641714,980.8641714,nan,nan,41.61664875,15.04999924,12.22450272
32.8636,-114.0331,233,104.7847222,7,1,0.171832785,0.204704478,0.132981524,0.046286356,0.073071726,0.773900766,0.269368594,0.425249033,0.745382366,0.259442307,0.40957852,42.93999863,25.55999947,-77.25,154.0800018,0,0,308.5799866,308.5799866,980.8641714,980.8641714,nan,nan,40.12418923,23.68000031,16.21521966
32.8636,-114.0331,233,107.7361111,7,1,0.220879152,0.260845333,0.180971071,0.078353673,0.1116421,0.819321648,0.354735485,0.505444261,0.790707312,0.342346553,0.487791911,60.40999985,33.89999771,94.29999542,124.9899979,0,0,312.8800049,312.8800049,980.8641714,980.8641714,nan,nan,28.39854747,11.81999969,8.792246889
32.8636,-114.0331,233,111.7881944,7,1,0.177099109,0.209199026,0.141907439,0.058387134,0.084910758,0.801288271,0.329686212,0.479453332,0.773257087,0.318152915,0.462680786,49.68000031,22.59000015,-76.69999695,156.1799927,0,0,314.1199951,314.1199951,980.8641714,980.8641714,nan,nan,33.29966563,16.67000008,12.66840787
32.8636,-114.0331,233,113.78125,7,1,0.181572035,0.221147448,0.152291283,0.071942329,0.098895595,0.838737546,0.396219216,0.544663139,0.803702568,0.37966871,0.521911968,34.41999817,23.12999916,-77.43999481,148.6600037,0,0,316.3899841,316.3899841,980.8641714,980.8641714,nan,nan,22.41900019,13.84999943,9.748854895
32.8636,-114.0331,233,114.7430556,7,1,0.223815024,0.254454047,0.178563178,0.067106217,0.100554094,0.797815868,0.299828921,0.449273208,0.776554672,0.291838704,0.437300412,55.56999969,30.90999985,95.45999908,124.2699966,0,0,321.6600037,321.6600037,980.8641714,980.8641714,nan,nan,40.43891337,16.65999985,13.78193357
32.8636,-114.0331,233,118.7916667,7,1,0.180984989,0.212489963,0.152493134,0.075366743,0.100998163,0.842573382,0.416425381,0.558047183,0.81422609,0.402415287,0.539272407,55.27999878,19.85000038,-75.11999512,158.6699982,0,0,322.9400024,322.9400024,980.8641714,980.8641714,nan,nan,24.55293618,10.03999996,8.710144567
32.8636,-114.0331,233,119.7534722,7,1,0.227949992,0.270604849,0.187702239,0.078639537,0.11323715,0.82343604,0.344985918,0.496763124,0.793730861,0.332540666,0.478842561,34.11999893,26.52999878,98.0799942,128.9100037,0,0,324.2399902,324.2399902,980.8641714,980.8641714,nan,nan,32.7733134,16.97999954,14.092295
32.8636,-114.0331,233,120.7847222,7,1,0.180404663,0.212191835,0.147742763,0.06421344,0.091244943,0.81895202,0.355941131,0.505779296,0.791074662,0.343824795,0.488562426,42.63999939,20.35000038,-77.41999817,150.1900024,0,0,324.5099792,324.5099792,980.8641714,980.8641714,nan,nan,32.08038185,15.64999962,13.22379674
32.8636,-114.0331,233,125.7986111,7,1,0.185607761,0.215597242,0.152299851,0.067652226,0.095268861,0.820546783,0.364490284,0.513280587,0.794860931,0.353080522,0.497213192,59.98999786,17.3599987,-74.23999786,161.6799927,0,0,325.1699829,325.1699829,980.8641714,980.8641714,nan,nan,26.7339416,11.75999928,8.773509691
32.8636,-114.0331,233,126.7604167,7,1,0.245561123,0.298289836,0.214702457,0.114230022,0.148669511,0.874334075,0.465179587,0.605427721,0.838331518,0.446024833,0.580497953,24.07999992,23.88999939,98.30999756,128.4400024,0,0,329.019989,329.019989,980.8641714,980.8641714,nan,nan,16.56227802,10.34999943,7.566063975
32.8636,-114.0331,233,127.7881944,7,1,0.176642254,0.210229293,0.153532609,0.085515976,0.10905043,0.869172612,0.484119592,0.617351896,0.837330348,0.466383801,0.59473512,49.47999954,17.82999992,-75.88999939,152.0800018,0,0,329.3099976,329.3099976,980.8641714,980.8641714,nan,nan,17.03017595,8.019999504,6.576387837
32.8636,-114.0331,233,132.7326389,7,1,0.230870128,0.272029311,0.186854333,0.076243185,0.110874064,0.809348245,0.330242744,0.480244306,0.781483888,0.3188731,0.463710387,64.76999664,29.46999931,93.51999664,112.9799957,0,0,320.0899963,320.0899963,980.8641714,980.8641714,nan,nan,32.78063036,12.32999992,9.380260438
32.8636,-114.0331,233,132.8020833,7,1,0.185998589,0.215990558,0.146492258,0.057641204,0.085840948,0.787598759,0.3099013,0.461513974,0.762992499,0.300219324,0.447095297,64.08000183,15.13000011,-73.54999542,165.3799896,0,0,320.1099854,320.1099854,980.8641714,980.8641714,nan,nan,31.17653619,14.18999958,9.380260438
32.8636,-114.0331,233,134.7916667,7,1,0.190531313,0.224900425,0.152320743,0.061515585,0.09047813,0.799452541,0.322863384,0.474872755,0.771614893,0.311620994,0.458337264,55.18000031,15.55999947,-75.13999939,154.3499908,0,0,316.4700012,316.4700012,980.8641714,980.8641714,nan,nan,36.48386551,15.86999989,13.07966767
32.8636,-114.0331,233,139.7361111,7,1,0.231845453,0.27775076,0.185569733,0.071305648,0.106930248,0.800402728,0.307556808,0.46121348,0.769914188,0.295841508,0.443645167,60.62999725,27.3599987,94.25999451,111.8799973,0,0,319.3899841,319.3899841,980.8641714,980.8641714,nan,nan,35.28002273,15.21000004,11.14725394
32.8636,-114.0331,233,140.7673611,7,1,0.232799515,0.284535319,0.205538034,0.114935339,0.146850124,0.882897176,0.493709527,0.630800816,0.845325291,0.472699609,0.603956947,0.099999994,19.37999916,-133.1399994,127.6399994,0,0,314.3500061,314.3500061,980.8641714,980.8641714,nan,nan,19.41252783,9.519999504,9.423253776
32.8636,-114.0331,233,141.7986111,7,1,0.190046281,0.21125114,0.159301579,0.076732561,0.103206202,0.838225187,0.403757236,0.54305826,0.819928107,0.394943879,0.531204189,59.98999786,13.60999966,-74.76999664,157.25,0,0,319.6199951,319.6199951,980.8641714,980.8641714,nan,nan,25.05366845,9.630000114,8.273215202
32.8636,-114.0331,233,142.7604167,7,1,0.252214968,0.308032036,0.21901983,0.112376094,0.149074182,0.868385535,0.445556799,0.591060011,0.831578616,0.42667167,0.566007661,24.17000008,21.25,98.29999542,121.1299973,0,0,324.1300049,324.1300049,980.8641714,980.8641714,nan,nan,17.57908222,11.39999962,8.104539847
32.8636,-114.0331,233,147.7708333,7,1,0.20972544,0.260584861,0.178911954,0.08837802,0.119102024,0.853077026,0.421398662,0.567894976,0.813615878,0.401905844,0.541625616,12.52999973,17.53999901,-78.90000153,127.5099945,0,0,329.5499878,329.5499878,980.8641714,980.8641714,nan,nan,23.73956054,13.50999928,11.45091279
32.8636,-114.0331,233,148.7326389,7,1,0.227258101,0.273699015,0.179633945,0.064457409,0.099112563,0.790440228,0.283630853,0.436123343,0.759402947,0.272493856,0.418998604,64.76999664,27.82999992,93.8299942,106.8999939,0,0,327.5499878,327.5499878,980.8641714,980.8641714,nan,nan,46.32170947,15.60999966,13.32302841
32.8636,-114.0331,233,148.8020833,7,1,0.193484232,0.223285571,0.150190204,0.054423951,0.083838545,0.776240022,0.281283648,0.433309444,0.753042599,0.272877671,0.420360276,63.95999908,12,-73.47000122,160.6799927,0,0,327.8800049,327.8800049,980.8641714,980.8641714,nan,nan,43.96935843,16.39999962,13.32302841
32.8636,-114.0331,233,149.7638889,7,1,0.257068992,0.309226781,0.212337613,0.09017732,0.128951848,0.825994655,0.350790344,0.501623501,0.793783839,0.337110784,0.482061991,12.60999966,19.5,101.7999954,120.6899948,0,0,329.7200012,329.7200012,980.8641714,980.8641714,nan,nan,29.763051,18.32999992,14.2709689
32.8636,-114.0331,233,150.7916667,7,1,0.187628925,0.223531202,0.146688953,0.05312071,0.081728615,0.781803515,0.283115783,0.435586437,0.752987114,0.272680453,0.41953121,55.18000031,12.84000015,-75.80999756,147.7899933,0,0,328.3999939,328.3999939,980.8641714,980.8641714,nan,nan,44.4378322,19.45999908,16.00233153
32.8636,-114.0331,233,154.7743056,7,1,0.247748897,0.295636624,0.190129891,0.070712373,0.105709977,0.76742982,0.285419526,0.42668193,0.738866513,0.274796372,0.410801069,24.01999855,15.97999954,-79.36999512,127.8899994,0,0,327.289978,327.289978,980.8641714,980.8641714,nan,nan,60.18541748,26.44999886,28.18986651
32.8636,-114.0331,233,155.7361111,7,1,0.229750648,0.273948699,0.163911328,0.040696304,0.074808307,0.713431405,0.17713249,0.325606511,0.686999247,0.170569849,0.313543007,60.73999786,26.34999847,94.02999878,106.3299942,0,0,329.3599854,329.3599854,980.8641714,980.8641714,nan,nan,81.39452296,31.34999847,25.74240615
32.8636,-114.0331,233,156.7673611,7,1,0.232500881,0.283142924,0.183475688,0.067398839,0.103685685,0.789139754,0.28988638,0.445958244,0.756197607,0.277785253,0.427341994,0.219999999,18.02000046,42.59000015,120.7099991,0,0,330.3299866,330.3299866,980.8641714,980.8641714,nan,nan,42.17193323,25.44999886,20.55574223
32.8636,-114.0331,233,167.7534722,7,1,0.247964531,0.303016841,0.207932323,0.094726533,0.131933421,0.838556717,0.382016461,0.532065696,0.802905024,0.365774825,0.509444635,34.48999786,21.45999908,96.90999603,110.7299957,0,0,326.2200012,326.2200012,980.8641714,980.8641714,nan,nan,30.37955218,14.75,13.2792164
32.8636,-114.0331,233,168.7847222,7,1,0.193947047,0.236518562,0.16034241,0.071915127,0.10033454,0.826732929,0.370797743,0.517329558,0.791965529,0.355204227,0.495573797,42.45000076,13.67999935,-76.90999603,131.0099945,0,0,325.8500061,325.8500061,980.8641714,980.8641714,nan,nan,29.55070811,14.98999977,12.39306584
32.8636,-114.0331,233,170.7743056,7,1,0.211938292,0.256596148,0.165210977,0.059359837,0.091739282,0.779523963,0.280080757,0.432858457,0.748001447,0.268754807,0.415354457,23.93000031,15.78999996,-79.15999603,123.0899963,0,0,327.6699829,327.6699829,980.8641714,980.8641714,nan,nan,43.67780074,26.01999855,20.47470917
32.8636,-114.0331,233,181.7638889,7,1,0.255077153,0.309951484,0.203482151,0.07672777,0.116744228,0.797727857,0.300802205,0.457682023,0.764820922,0.288393865,0.438802261,12.7699995,19.75,98.88999939,114.3999939,0,0,326.0499878,326.0499878,980.8641714,980.8641714,nan,nan,38.65380254,23.44999886,18.51357568
32.8636,-114.0331,233,189.7986111,7,1,0.184889242,0.216233924,0.128018096,0.028847996,0.055295575,0.692404245,0.156028527,0.299074055,0.669697196,0.15091165,0.289266072,59.88999939,12.42000008,-74.90000153,144.8699951,0,0,334.0099792,334.0099792,980.8641714,980.8641714,nan,nan,78.04364817,37.09000015,25.8650612
32.8636,-114.0331,233,191.7881944,7,1,0.189906657,0.225192517,0.135254905,0.033968035,0.062524259,0.712217818,0.178867006,0.329236796,0.686699205,0.172458239,0.317440311,49.27000046,14.30999947,-76.04000092,135.3099976,0,0,331.3899841,331.3899841,980.8641714,980.8641714,nan,nan,64.54877845,37.47999954,25.16914978
32.8636,-114.0331,233,195.7708333,7,1,0.208384156,0.254917353,0.153027281,0.042078659,0.073853038,0.734351805,0.201928302,0.354408126,0.702957058,0.193295535,0.339256596,12.34999943,18.78999901,-79.33000183,122.2699966,0,0,334.0899963,334.0899963,980.8641714,980.8641714,nan,nan,63.77192608,40.46999741,30.65982192
32.8636,-114.0331,233,196.8020833,7,1,0.187529251,0.206647217,0.129057765,0.032878611,0.057944458,0.688200717,0.175325241,0.308988905,0.67444916,0.17182191,0.30281472,63.95999908,12.67999935,-73.87999725,151.8600006,0,0,332.2200012,332.2200012,980.8641714,980.8641714,nan,nan,104.3018817,31.09999847,31.57878019
32.8636,-114.0331,233,197.7638889,7,1,0.243648246,0.297179699,0.186884865,0.06042834,0.098106459,0.767027337,0.248014673,0.402656126,0.734741624,0.23757524,0.385707525,12.7699995,21.25,99.69999695,117.6999969,0,0,334.0099792,334.0099792,980.8641714,980.8641714,nan,nan,49.52852127,31.39999962,23.60395607
32.8636,-114.0331,233,198.7916667,7,1,0.185849369,0.219742566,0.136390641,0.039506923,0.067458332,0.733877346,0.212574967,0.362973155,0.708051973,0.205094388,0.350200016,55.06999969,14.39999962,-75.37999725,141.8300018,0,0,331.8399963,331.8399963,980.8641714,980.8641714,nan,nan,61.90433698,28.59000015,22.27631099
32.8636,-114.0331,233,199.7534722,7,1,0.249327466,0.302516639,0.182710037,0.048659906,0.086995237,0.732811509,0.195164643,0.348919588,0.702824709,0.187178465,0.334641725,34.48999786,23.79999924,97.70999908,114,0,0,331.8099976,331.8099976,980.8641714,980.8641714,nan,nan,64.97519886,38.09999847,28.17407517
32.8636,-114.0331,233,202.7743056,7,1,0.203900635,0.233320221,0.163027659,0.064746603,0.095588252,0.799544636,0.317539979,0.468798206,0.777119465,0.308633799,0.455649622,23.93999863,18.64999962,-79.83000183,127.7799988,0,0,333.1699829,333.1699829,980.8641714,980.8641714,nan,nan,36.14479573,20.70999908,16.81507442
32.8636,-114.0331,233,203.7361111,7,1,0.232142732,0.265699685,0.167788699,0.043148104,0.077238828,0.722782481,0.185868857,0.332721285,0.702473534,0.180646261,0.323372388,60.75,29.06999969,94.54999542,108.25,0,0,331.769989,331.769989,980.8641714,980.8641714,nan,nan,69.09338612,28.89999962,21.65458496
32.8636,-114.0331,233,204.7673611,7,1,0.224836603,0.2643314,0.165317863,0.044622894,0.078701332,0.735280026,0.198468105,0.3500379,0.710324892,0.19173217,0.338157742,0.48999998,21.03999901,164.3899994,122.8099976,0,0,332.3299866,332.3299866,980.8641714,980.8641714,nan,nan,60.46857456,41.20000076,29.19115664
32.8636,-114.0331,233,206.7604167,7,1,0.256391168,0.310845166,0.195675001,0.061204802,0.101710692,0.763189319,0.2387165,0.396701232,0.732092039,0.228989643,0.380537052,24.3599987,23.51999855,98.72000122,118.7799988,0,0,331.1300049,331.1300049,980.8641714,980.8641714,nan,nan,49.55285297,31.21999931,22.64408456
32.8636,-114.0331,233,209.78125,7,1,0.19454433,0.235534743,0.146969974,0.04488451,0.074925929,0.755457503,0.230716106,0.385135507,0.72490986,0.221386881,0.369562186,33.95999908,18.79999924,-78.77999878,134.1699982,0,0,335.8599854,335.8599854,980.8641714,980.8641714,nan,nan,55.73453425,31.3599987,24.63940699
32.8636,-114.0331,233,210.7430556,7,1,0.235020071,0.282467008,0.170278594,0.044808138,0.080574177,0.72452788,0.190656645,0.342839557,0.696409026,0.18325728,0.329533989,55.88999939,28.70999908,95.06999969,112.5400009,0,0,338.8899841,338.8899841,980.8641714,980.8641714,nan,nan,64.14387408,31.09000015,21.9416135
32.8636,-114.0331,233,211.7708333,7,1,0.21135591,0.257244259,0.156177566,0.044293568,0.07667961,0.738931624,0.209568626,0.362798513,0.708180431,0.20084727,0.347700381,12.34999943,21.06999969,-81.01999664,128.7799988,0,0,334.6399841,334.6399841,980.8641714,980.8641714,nan,nan,56.7791504,39.04999924,27.09785762
32.8636,-114.0331,233,212.7326389,7,1,0.227410942,0.271792799,0.152408168,0.031439457,0.06325011,0.670188365,0.138249535,0.278131338,0.645012063,0.133056052,0.267683053,64.88999939,31.36999893,92.97999573,110.0499954,0,0,332.5599976,332.5599976,980.8641714,980.8641714,nan,nan,114.1677783,37.27999878,32.36317794
32.8636,-114.0331,233,212.8020833,7,1,0.179042727,0.207449615,0.118525378,0.023503795,0.048477057,0.661994936,0.131274784,0.270756921,0.641634608,0.127237295,0.262429516,63.95999908,15.72999954,-73.58000183,156.6299896,0,0,333.2299805,333.2299805,980.8641714,980.8641714,nan,nan,111.0379028,40.36000061,33.47722611
32.8636,-114.0331,233,214.7916667,7,1,0.18139416,0.211975813,0.120026976,0.023290873,0.048512001,0.661691512,0.128399242,0.267439705,0.640108058,0.124211038,0.258716195,55.06999969,17.37999916,-75.15999603,148.1699982,0,0,333.1900024,333.1900024,980.8641714,980.8641714,nan,nan,103.7142026,49,37.1158819
32.8636,-114.0331,233,216.7847222,7,1,0.203822762,0.232156083,0.157700986,0.063015997,0.091350287,0.773716264,0.30917056,0.448184915,0.75278733,0.300807533,0.436061566,42.34999847,19.28999901,-77.31999969,141.1600037,0,0,336.2999878,336.2999878,980.8641714,980.8641714,nan,nan,51.69318453,20.54999924,21.42650741
32.8636,-114.0331,233,218.7743056,7,1,0.192287326,0.225895032,0.155784696,0.063384429,0.09223599,0.810166222,0.329633939,0.479677948,0.782802789,0.318500525,0.463476785,23.93000031,21.39999962,-79.83000183,135.3499908,0,0,331.9599915,331.9599915,980.8641714,980.8641714,nan,nan,33.31780129,19.80999947,15.36734127
32.8636,-114.0331,233,219.7361111,7,1,0.234163106,0.281893432,0.182880268,0.06269569,0.09887927,0.780995226,0.267743671,0.422266651,0.750403716,0.257256177,0.405726506,60.75,31.11999893,94.65000153,114.7599945,0,0,329.9700012,329.9700012,980.8641714,980.8641714,nan,nan,45.94081904,18.29999924,14.29094223
32.8636,-114.0331,233,220.7673611,7,1,0.219493881,0.269611478,0.180532962,0.077439636,0.111334279,0.822496561,0.35281,0.507231813,0.786576364,0.337402027,0.485079907,0.280000001,23.68000031,58.00999832,130.5200043,0,0,333.789978,333.789978,980.8641714,980.8641714,nan,nan,30.49337257,18.61999893,14.57653013
32.8636,-114.0331,233,223.7881944,7,1,0.183735699,0.218573406,0.141743615,0.050918978,0.078756675,0.771453868,0.277131652,0.428641117,0.743267997,0.267006359,0.412980268,49.27000046,20.14999962,-75.68999481,148.3799896,0,0,333.1499939,333.1499939,980.8641714,980.8641714,nan,nan,52.21365696,22.13999939,20.09937941
32.8636,-114.0331,233,225.78125,7,1,0.184440538,0.216949031,0.123541862,0.023583997,0.049322862,0.66981946,0.127867752,0.267418772,0.647011703,0.123513778,0.258313001,33.95999908,22.07999992,-78.45999908,142.3099976,0,0,337.3099976,337.3099976,980.8641714,980.8641714,nan,nan,104.2384416,60.32999802,45.62266584
32.8636,-114.0331,233,230.7916667,7,1,0.162848637,0.184364602,0.108143993,0.023654534,0.045565844,0.664076747,0.145254723,0.279804883,0.64698061,0.141515254,0.272601525,55.06999969,21.39999962,-75.48999786,155.5399933,0,0,333.789978,333.789978,980.8641714,980.8641714,nan,nan,103.3960069,45.15999985,36.65816796
32.8636,-114.0331,233,231.7534722,7,1,0.2323585,0.273661435,0.163973138,0.038428925,0.072154023,0.705690291,0.165386353,0.310528871,0.681463551,0.159708548,0.299868243,34.48999786,28.81999969,98.02999878,128.9199982,0,0,335.1600037,335.1600037,980.8641714,980.8641714,nan,nan,83.53541577,45.16999817,35.47704338
32.8636,-114.0331,233,254.7604167,7,1,0.21709989,0.265244693,0.184666023,0.09032274,0.121826969,0.850603944,0.416042313,0.561156291,0.814479596,0.398373388,0.537324512,24.3599987,33.57999802,98.5,143.3399963,0,0,322.8399963,322.8399963,980.8641714,980.8641714,nan,nan,22.90328174,12.60999966,9.966423776
32.8636,-114.0331,233,258.7430556,7,1,0.205420747,0.235286608,0.149297506,0.040742237,0.070337616,0.726788835,0.198335551,0.342407555,0.706252601,0.192731358,0.332732446,55.88999939,38,95.40000153,136.4499969,0,0,325.039978,325.039978,980.8641714,980.8641714,nan,nan,73.6703539,28.57999992,24.13650748
32.8636,-114.0331,233,259.7708333,7,1,0.178177968,0.218940318,0.137307137,0.047358483,0.074806117,0.770617934,0.265793149,0.419839318,0.736901276,0.254163966,0.401470192,12.34999943,33.06999969,-79.33000183,153.0899963,0,0,328.2399902,328.2399902,980.8641714,980.8641714,nan,nan,49.69766286,27.54999924,22.41662908
32.8636,-114.0331,233,260.7326389,7,1,0.206792757,0.248408929,0.155124545,0.049974877,0.080411412,0.750144964,0.241666479,0.388850234,0.721120472,0.232315957,0.373804901,64.88999939,40.34000015,93.38999939,133.4799957,0,0,331.3500061,331.3500061,980.8641714,980.8641714,nan,nan,62.33115224,19.18000031,16.9910634
32.8636,-114.0331,233,260.8020833,7,1,0.179031208,0.19501105,0.134131923,0.047596544,0.072542846,0.749209731,0.265856129,0.405196652,0.736069811,0.261193445,0.398090162,63.95999908,30.79999924,-73.98999786,173.0699921,0,0,330.6399841,330.6399841,980.8641714,980.8641714,nan,nan,58.48512025,17.8599987,16.9910634
32.8636,-114.0331,233,261.7638889,7,1,0.20046629,0.245501742,0.16296503,0.066541083,0.096925296,0.812929842,0.331931534,0.483499225,0.777974887,0.317658898,0.46270937,12.78999996,34.95999908,101.7299957,148.9499969,0,0,331.1499939,331.1499939,980.8641714,980.8641714,nan,nan,34.97948568,19.30999947,15.57674908
32.8636,-114.0331,233,262.7916667,7,1,0.172282025,0.185671583,0.128217652,0.041841649,0.066748165,0.744231165,0.242867174,0.387435454,0.732840071,0.239149884,0.381505423,55.06999969,31.97999954,-75.72000122,167.8099976,0,0,325.9700012,325.9700012,980.8641714,980.8641714,nan,nan,55.44923853,23.03999901,18.95430428
32.8636,-114.0331,233,287.7881944,7,1,0.148200557,0.177643389,0.122636452,0.056604881,0.078336336,0.827503318,0.381947829,0.528583276,0.795880007,0.367351567,0.508383293,49.37999725,41.41999817,-76.38999939,171.0099945,0,0,323.7799988,323.7799988,980.8641714,980.8641714,nan,nan,31.53423555,11.94999981,10.98925376
32.8636,-114.0331,233,289.78125,7,1,0.148244008,0.175803393,0.120230213,0.049708888,0.07204964,0.811029155,0.335318024,0.486020588,0.781955192,0.323297465,0.468597608,34.04999924,42.61999893,-78.44999695,166.9100037,0,0,322.8899841,322.8899841,980.8641714,980.8641714,nan,nan,33.98398569,16.40999985,13.2445654
32.8636,-114.0331,233,290.7430556,7,1,0.183530778,0.220946431,0.145527527,0.054942515,0.082815066,0.792932545,0.299364038,0.451232578,0.761868745,0.2876362,0.433555162,55.88999939,47.32999802,94.94999695,148.8199921,0,0,322.8800049,322.8800049,980.8641714,980.8641714,nan,nan,44.34393639,17.20999908,13.60812975
32.8636,-114.0331,233,291.7708333,7,1,0.147910044,0.184930861,0.126507193,0.063770637,0.084983066,0.855298192,0.431144737,0.574559128,0.814524281,0.410591137,0.547168654,12.43999958,43.96999741,-81,162.9799957,0,0,322.5099792,322.5099792,980.8641714,980.8641714,nan,nan,21.98107525,11.40999985,9.107538181
32.8636,-114.0331,233,294.7916667,7,1,0.145011991,0.169522077,0.117443912,0.051611759,0.073083207,0.809891035,0.355913731,0.503980439,0.783408522,0.344275758,0.487500853,55.06999969,43.75999832,-74.93999481,174.1100006,0,0,321.5099792,321.5099792,980.8641714,980.8641714,nan,nan,30.61475816,12.35999966,9.777729078
32.8636,-114.0331,233,296.7847222,7,1,0.137827829,0.166701779,0.104211114,0.033432044,0.054222945,0.756096323,0.242563817,0.393410719,0.725690906,0.232809432,0.377590225,42.45000076,44.7899971,-77.31999969,170.0899963,0,0,316.5499878,316.5499878,980.8641714,980.8641714,nan,nan,47.70666974,24.94999886,17.25803144
32.8636,-114.0331,233,297.7465278,7,1,0.183733746,0.219409302,0.144130006,0.055409979,0.081851319,0.784450376,0.301577583,0.445488758,0.75512584,0.290303928,0.428835377,50.04999924,48.84999847,95.90999603,152.4199982,0,0,317.9199829,317.9199829,980.8641714,980.8641714,nan,nan,47.32137942,18.56999969,15.37893625
32.8636,-114.0331,233,307.7708333,7,1,0.133143649,0.165262744,0.102917098,0.034236431,0.054949589,0.772977898,0.257139049,0.412709053,0.737400336,0.245303807,0.39371345,12.43999958,49.16999817,-79.73999786,165.2599945,0,0,314.769989,314.769989,980.8641714,980.8641714,nan,nan,49.54545154,27.37999916,19.40278614
32.8636,-114.0331,233,308.7326389,7,1,0.173285782,0.202562317,0.130002171,0.042549476,0.068634324,0.750218333,0.245545107,0.396075909,0.72569711,0.237519355,0.38312999,64.88999939,53.95999908,92.86999512,149.3300018,0,0,313.8899841,313.8899841,980.8641714,980.8641714,nan,nan,59.3821849,18.46999931,14.63995525
32.8636,-114.0331,233,308.8020833,7,1,0.141740203,0.160006598,0.109353341,0.043351986,0.063700751,0.771505465,0.305855252,0.449419072,0.75211997,0.298170076,0.438126591,63.95999908,48.25999832,-73.58000183,178.9299927,0,0,312.6000061,312.6000061,980.8641714,980.8641714,nan,nan,55.33864996,14.77999973,14.63995525
32.8636,-114.0331,233,310.7916667,7,1,0.146975055,0.163395122,0.115593888,0.046811171,0.068106383,0.786486439,0.318497386,0.463387362,0.769297248,0.311536411,0.453259718,55.18000031,48.97999954,-75.70999908,175.0699921,0,0,312.0299988,312.0299988,980.8641714,980.8641714,nan,nan,39.8090204,15.48999977,12.15559561
32.8636,-114.0331,233,317.7986111,7,1,0.132656395,0.145439819,0.103347018,0.038907323,0.058553234,0.779057942,0.293293986,0.441390206,0.764327078,0.287748219,0.433044153,60,50.88999939,-74.77999878,176.9400024,0,0,302.0899963,302.0899963,980.8641714,980.8641714,nan,nan,45.36872161,15.71999931,12.65423386
32.8636,-114.0331,233,335.7881944,7,1,0.114616662,0.136499003,0.100037485,0.054592058,0.070444487,0.872800546,0.476301238,0.614609478,0.84069967,0.458783275,0.592004654,49.36999893,55.04999924,-76.15999603,172.3300018,0,0,300.3399963,300.3399963,980.8641714,980.8641714,nan,nan,17.40135406,7.170000076,5.303162701
34.75,-120.5667,102,55.75347222,6,1,0.172883913,0.203191981,0.146904826,0.062998757,0.089383252,0.849731035,0.364399184,0.517013125,0.820947185,0.3520555,0.499499785,61.7899971,53.30999756,93.69999695,140.0099945,0,0,288.3899841,288.3899841,998.967783,998.967783,nan,nan,28.32207706,9.93999958,7.47448534
34.75,-120.5667,102,56.78472222,6,1,0.111058414,0.155257076,0.097840622,0.047319107,0.064209841,0.880983426,0.426074037,0.578162778,0.816031148,0.39466087,0.535536563,5.089999676,48.00999832,98.54999542,151.9899902,0,0,291.0599976,291.0599976,998.967783,998.967783,nan,nan,24.36663683,12.50999928,9.751626837
34.75,-120.5667,102,57.81597222,6,1,0.121037103,0.154153019,0.106547557,0.05254899,0.07011395,0.880288391,0.434156042,0.5792765,0.834617874,0.411631457,0.549222875,57.32999802,44.45999908,-74.66999817,165.8499908,0,0,292.0700073,292.0700073,998.967783,998.967783,nan,nan,24.24710114,7.980000019,7.452367921
34.75,-120.5667,102,90.77777778,6,1,0.167496577,0.220868677,0.140604883,0.057062924,0.083665811,0.839449295,0.340681135,0.499507584,0.789156966,0.320270554,0.469581537,28.69999886,36.55999756,98.36999512,141.9199982,0,0,289.1600037,289.1600037,998.967783,998.967783,nan,nan,26.66946225,17.06999969,11.18202964
34.75,-120.5667,102,167.7534722,6,1,0.226757512,0.260818839,0.177948281,0.05815398,0.093414187,0.784751429,0.256458889,0.411956309,0.761863472,0.248979043,0.399941245,62.48999786,27.27999878,93.34999847,107.0299988,0,0,294.0099792,294.0099792,998.967783,998.967783,nan,nan,61.69475896,17.94000053,18.75166002
34.75,-120.5667,102,189.7986111,6,1,0.16931735,0.214024916,0.14884001,0.074780874,0.100268669,0.879059413,0.441661023,0.592193709,0.834965553,0.419507186,0.562489111,27.79999924,17.51000023,-77.43999481,130.7799988,0,0,297.25,297.25,998.967783,998.967783,nan,nan,22.01994084,11.17000008,10.10522166
39.4214,-83.8217,318,216.7152778,12,1,0.352576941,0.281026989,0.227244586,0.039839555,0.085810304,0.644524809,0.112995349,0.243380362,0.671790683,0.117775486,0.253676286,53.80999756,23.12999916,-73.5,161.3799896,0,0,298.9199829,298.9199829,969.2601484,969.2601484,nan,nan,84.54130384,50.87999725,30.39970023
39.4214,-83.8217,318,263.6840278,12,1,0.30016765,0.287882626,0.268990487,0.151200682,0.19040823,0.896134167,0.503720777,0.634339609,0.903529958,0.507877983,0.639574812,8.079999924,40.70000076,102.5299988,156.4799957,0,0,289.019989,289.019989,969.2601484,969.2601484,nan,nan,13.41447959,6.71999979,5.759625288
39.4214,-83.8217,318,264.7152778,12,1,0.299267083,0.269138992,0.25845772,0.130958393,0.172663897,0.863635644,0.437597051,0.576955859,0.881381902,0.446588934,0.588811331,53.79999924,38.89999771,-73.27999878,173.1100006,0,0,292.25,292.25,969.2601484,969.2601484,nan,nan,15.38916459,7.190000057,5.167404828
39.4214,-83.8217,318,265.6770833,12,1,0.303388625,0.278456837,0.268175095,0.1358933,0.177787766,0.883932596,0.447918244,0.586006696,0.898703275,0.455403041,0.595798977,29.26999855,42.38999939,98.90999603,152.75,0,0,290.8899841,290.8899841,969.2601484,969.2601484,nan,nan,14.78648966,8.029999733,5.913830709
39.0722,-95.6306,277,135.7534722,12,1,0.235377625,0.23135756,0.154267341,0.032866698,0.064999156,0.655403593,0.139633909,0.276148405,0.657650022,0.140112511,0.277094918,60.34000015,20.38999939,-71.47000122,171.75,0,0,296.4299927,296.4299927,974.8434425,974.8434425,nan,nan,89.89286368,40.79999924,29.11367141
39.0722,-95.6306,277,161.7118056,12,1,0.340637982,0.374732524,0.239620566,0.050259814,0.100971341,0.703446413,0.147546123,0.296418328,0.689641141,0.144650502,0.290601061,25.18999863,22.80999947,98.80999756,129.1999969,0,0,302.7599792,302.7599792,974.8434425,974.8434425,nan,nan,90.10464224,51.46999741,41.14494735
39.0722,-95.6306,277,193.7118056,12,1,0.356397182,0.351297498,0.257461369,0.081102602,0.12855494,0.722400126,0.227562412,0.360706949,0.724473423,0.228215519,0.361742183,25.28999901,24.52999878,98.36999512,128.1699982,0,0,305.6499939,305.6499939,974.8434425,974.8434425,nan,nan,95.41932722,33.73999786,43.26989644
41.1328,-100.7,850,155.7361111,12,1,0.258250743,0.272202998,0.198907986,0.062686555,0.10300564,0.770212638,0.242735236,0.398859027,0.761979299,0.24014047,0.394595345,0.370000005,22.44999886,-50.52999878,141.9499969,0,0,303.6600037,303.6600037,899.1276317,899.1276317,nan,nan,47.6798729,32.05999756,22.90074985
41.1328,-100.7,850,159.71875,12,1,0.343750149,0.349349737,0.260801911,0.077215731,0.129882649,0.758696141,0.224627484,0.377840269,0.75623238,0.223898038,0.376613285,39.25,25.43000031,97.31999969,129.5599976,0,0,304.9700012,304.9700012,899.1276317,899.1276317,nan,nan,50.59098602,30.45999908,21.09171667
41.1328,-100.7,850,160.75,12,1,0.265948117,0.274065942,0.205345094,0.063641086,0.105069354,0.772124641,0.239298879,0.395074631,0.767439562,0.237846867,0.392677407,31.22999954,20.18999863,-76.15000153,151.2099915,0,0,298.5599976,298.5599976,899.1276317,899.1276317,nan,nan,48.55507327,29.97999954,21.72551459
41.1328,-100.7,850,173.7256944,12,1,0.321028888,0.357006788,0.252548426,0.088926338,0.137744114,0.786684425,0.277004161,0.429070775,0.769438146,0.27093147,0.419664367,21.52000046,23.62999916,99.66999817,132.7399902,0,0,302.8999939,302.8999939,899.1276317,899.1276317,nan,nan,45.43237555,26.75,20.97083868
41.1328,-100.7,850,190.7569444,12,1,0.289548039,0.309887797,0.209488466,0.050313357,0.094000764,0.723501588,0.173765146,0.324646523,0.713477716,0.171357688,0.320148654,45.87999725,20.20999908,-74.52999878,155.6999969,0,0,310.4599915,310.4599915,899.1276317,899.1276317,nan,nan,70.74073475,40.25999832,28.27310194
41.1328,-100.7,850,192.75,12,1,0.235537857,0.264991134,0.167176142,0.038784966,0.073694021,0.709763367,0.16466553,0.312875482,0.692445729,0.160647827,0.30524158,31.13999939,21.53999901,-75.97999573,148.4499969,0,0,305.3599854,305.3599854,899.1276317,899.1276317,nan,nan,66.416387,49.29999924,29.60478268
41.1328,-100.7,850,206.7569444,12,1,0.245038286,0.268003136,0.164809451,0.030501885,0.064993165,0.67258653,0.124478039,0.265236778,0.660211599,0.122187765,0.260356682,45.87999725,22.8599987,-74.40000153,157.269989,0,0,306.789978,306.789978,899.1276317,899.1276317,nan,nan,96.30042813,57.57999802,38.18896206
41.1328,-100.7,850,221.7256944,12,1,0.321512401,0.361586541,0.241382971,0.073123701,0.1215249,0.75077344,0.227436642,0.377978889,0.732512977,0.221904882,0.36878561,21.6099987,30.4299984,98.66999817,140.3899994,0,0,308.6300049,308.6300049,899.1276317,899.1276317,nan,nan,51.69057325,34.43999863,23.12404894
41.1328,-100.7,850,224.75,12,1,0.250256747,0.266607642,0.188554138,0.057772569,0.095404953,0.753442775,0.230853194,0.381228294,0.743724309,0.227875478,0.376310928,31.13999939,28.11999893,-75.62999725,155.0899963,0,0,303.2999878,303.2999878,899.1276317,899.1276317,nan,nan,59.0687402,31.97999954,25.65765939
44.8497,-93.5647,293,154.7048611,12,1,0.364456892,0.328122258,0.262791812,0.064343713,0.117518723,0.721050468,0.176546842,0.322448898,0.735720031,0.180138636,0.329009027,31.13999939,27.21999931,99.20999908,139.8000031,0,0,302.1799927,302.1799927,972.6615104,972.6615104,nan,nan,66.38506182,38.70000076,28.95261168
44.8497,-93.5647,293,215.6840278,12,1,0.306799889,0.291652113,0.228880808,0.065184563,0.111482345,0.746026372,0.21246606,0.363371529,0.753466624,0.214585021,0.366995497,60.20999908,36.15999985,92.93000031,129.9199982,0,0,292.7399902,292.7399902,972.6615104,972.6615104,nan,nan,48.19432178,22.26000023,14.82274186
44.8497,-93.5647,293,215.7534722,12,1,0.27015233,0.242727801,0.202175334,0.066964157,0.106503189,0.74837531,0.247875548,0.394233833,0.763884465,0.253012463,0.402403842,57.56999969,27.52999878,-69.93000031,172.0899963,0,0,294.8800049,294.8800049,972.6615104,972.6615104,nan,nan,44.35595664,20.17000008,14.82274186
44.8497,-93.5647,293,216.7152778,12,1,0.329131395,0.308826327,0.262015045,0.096070461,0.145551816,0.796080377,0.291890906,0.442230118,0.806025587,0.295537418,0.447754776,12.42999935,31.27999878,102.4399948,146.3399963,0,0,294.1799927,294.1799927,972.6615104,972.6615104,nan,nan,33.42612639,21.10000038,15.23464698
44.8497,-93.5647,293,269.7256944,12,1,0.108181633,0.09733709,0.079485647,0.024208453,0.038452048,0.734742536,0.223775995,0.355439706,0.749774594,0.228354216,0.362711629,18.80999947,46.80999756,-78.36999512,167.2399902,0,0,300.2599792,300.2599792,972.6615104,972.6615104,nan,nan,80.27999062,31.51999855,31.88862796
41.6114,-90.5817,230,241.7083333,12,1,0.185717553,0.20028162,0.128161296,0.025114818,0.051091362,0.690087147,0.135231254,0.275102493,0.679430882,0.133143025,0.270854385,5.289999962,34.71999741,-77.58999634,154.0800018,0,0,302.6000061,302.6000061,981.275768,981.275768,nan,nan,84.60267632,55.86000061,38.09381213
40.1517,-89.3383,179,99.70138889,12,1,0.228086144,0.27184397,0.186440721,0.072609611,0.108759888,0.817413624,0.318342928,0.47683689,0.787208769,0.306579604,0.459216938,3.839999914,35.75,104.5,151.3099976,0,0,299.0299988,299.0299988,988.2943061,988.2943061,nan,nan,33.48785265,19.64999962,14.98724409
40.1517,-89.3383,179,193.7118056,12,1,0.339642853,0.296783656,0.234477952,0.048756283,0.096430577,0.69036622,0.143551623,0.283917582,0.708240658,0.147268353,0.29126856,17.70999908,21.92000008,-78.83999634,141.7299957,0,0,300.3299866,300.3299866,988.2943061,988.2943061,nan,nan,78.61830931,51.34000015,36.95030282
40.1517,-89.3383,179,215.6840278,12,1,0.375938892,0.337288976,0.267108917,0.062160581,0.117590919,0.710511529,0.165347568,0.312792641,0.725427633,0.168818787,0.319359245,43.02000046,30.55999947,96.22000122,130.8499908,0,0,297.0799866,297.0799866,988.2943061,988.2943061,nan,nan,65.40870659,37.04000092,25.86262928
40.1517,-89.3383,179,223.71875,12,1,0.379785627,0.315755934,0.248787224,0.042807918,0.093770541,0.655072774,0.112716003,0.246903871,0.677931864,0.116649284,0.255519704,36.21999741,26.75,-75.62999725,155.1999969,0,0,303.7099915,303.7099915,988.2943061,988.2943061,nan,nan,94.40005831,58.19999695,40.01049764
40.1517,-89.3383,179,358.7222222,12,1,0.095548809,0.120563008,0.072359204,0.023020575,0.037853684,0.757300958,0.240930004,0.396171181,0.719622258,0.228942789,0.376460107,43.61999893,64.04999542,-75,171.4199982,0,0,283.2599792,283.2599792,988.2943061,988.2943061,nan,nan,51.00637035,19.56999969,13.91104974
36.6,-97.5,316,2.739583333,12,1,0.13586387,0.164356977,0.105055481,0.037284873,0.058746189,0.773240751,0.274428171,0.432390073,0.742113818,0.26338102,0.41498414,41.09000015,60.44999695,-75.86000061,168.0999908,0,0,287.2200012,287.2200012,969.5319029,969.5319029,nan,nan,47.34600814,17.84000015,14.11429731
36.6,-97.5,316,4.732638889,12,1,0.099659592,0.13647975,0.088619366,0.044949949,0.060307987,0.889220642,0.451034847,0.605139815,0.828035562,0.420000251,0.563501636,23.18999863,60.87999725,-78.33000183,164.6600037,0,0,284.1099854,284.1099854,969.5319029,969.5319029,nan,nan,23.16887758,8.260000229,7.372042299
36.6,-97.5,316,6.722222222,12,1,0.100872323,0.131879956,0.087527879,0.039841674,0.055711702,0.867709557,0.394971318,0.552299183,0.817453366,0.372095283,0.520310999,0.469999999,61.43000031,-151.6999969,161.25,0,0,285.0700073,285.0700073,969.5319029,969.5319029,nan,nan,28.39527198,10.55000019,9.186231507
36.6,-97.5,316,7.753472222,12,1,0.144522771,0.175945208,0.125948191,0.065868497,0.087075323,0.871476444,0.455765527,0.602502444,0.835160005,0.436772723,0.577394774,58.43000031,59.36999893,-73.02999878,172.2200012,0,0,286.4400024,286.4400024,969.5319029,969.5319029,nan,nan,21.67409549,6.710000038,5.596472969
36.6,-97.5,316,13.72916667,12,1,0.139344335,0.158524379,0.116440274,0.049044628,0.070903808,0.835629767,0.351967146,0.508838828,0.813242034,0.342537436,0.495206298,12.17000008,60.25,-80.93000031,161.769989,0,0,284.8200073,284.8200073,969.5319029,969.5319029,nan,nan,29.39243663,12.35999966,9.674166654
36.6,-97.5,316,18.73958333,12,1,0.128354833,0.156817243,0.114704236,0.065214068,0.082948804,0.893649535,0.508076451,0.646246053,0.855699622,0.486500367,0.61880243,41.27999878,58.40999985,-75.83000183,165.9100037,0,0,282.25,282.25,969.5319029,969.5319029,nan,nan,16.02721824,6.239999771,4.947173684
36.6,-97.5,316,20.73263889,12,1,0.102553733,0.137516066,0.091717772,0.048555676,0.063538544,0.894338702,0.47346571,0.619563445,0.837251978,0.44324382,0.580015959,23.55999947,58.69999695,-77.83999634,162.3899994,0,0,282.75,282.75,969.5319029,969.5319029,nan,nan,18.90696489,8.319999695,6.269313128
36.6,-97.5,316,23.75347222,12,1,0.142299548,0.168665469,0.118457727,0.051901203,0.073818311,0.832453293,0.364732028,0.518752956,0.802707421,0.351699138,0.50021647,58.64999771,56.62999725,-73.29999542,170.3199921,0,0,284.6399841,284.6399841,969.5319029,969.5319029,nan,nan,29.74050356,10.60999966,7.951715826
36.6,-97.5,316,27.73611111,12,1,0.123167574,0.157172069,0.100328878,0.039363723,0.058803171,0.814572164,0.319594856,0.477424121,0.771947804,0.302871321,0.452441807,33.47999954,56.81999969,-76.87999725,163.1100006,0,0,288.7999878,288.7999878,969.5319029,969.5319029,nan,nan,38.40528315,16.95999908,12.69102787
36.6,-97.5,316,31.71875,12,1,0.120011173,0.155516207,0.103757404,0.048139751,0.067095213,0.864564532,0.401127243,0.559074716,0.816266418,0.378718633,0.527842514,10.88000011,57.55999756,100.8099976,155.9499969,0,0,283.8399963,283.8399963,969.5319029,969.5319029,nan,nan,24.40144886,11.80000019,8.465292834
36.6,-97.5,316,32.75,12,1,0.134941235,0.167606816,0.111417756,0.046887454,0.06823089,0.82567612,0.347465721,0.505634098,0.787547386,0.33142017,0.482284521,54.11999893,54.59999847,-74.01999664,167.6999969,0,0,281.5299988,281.5299988,969.5319029,969.5319029,nan,nan,34.288394,12.84000015,9.989332082
36.6,-97.5,316,38.72569444,12,1,0.144709304,0.186822742,0.127551347,0.063056573,0.085363202,0.881431556,0.435746504,0.589894357,0.832950356,0.411779228,0.557448518,1.5,55.15999985,-82.93999481,156.6199951,0,0,283.769989,283.769989,969.5319029,969.5319029,nan,nan,20.57070747,10.42999935,7.478143317
36.6,-97.5,316,59.73611111,12,1,0.154826477,0.19109273,0.134363174,0.068200521,0.091301858,0.867830728,0.440496499,0.589704423,0.828994325,0.420783785,0.563314486,34.22999954,46.65999985,-76.44999695,159.7899933,0,0,289.5700073,289.5700073,969.5319029,969.5319029,nan,nan,21.54483624,10.53999996,8.079710843
36.6,-97.5,316,66.73958333,12,1,0.190866634,0.233468458,0.167711094,0.087981954,0.116172776,0.878682095,0.460960369,0.608659424,0.841133549,0.441262242,0.582649702,42.14999771,43.55999756,-75.83999634,161.3199921,0,0,291.6900024,291.6900024,969.5319029,969.5319029,nan,nan,21.63254984,8.380000114,7.927532367
36.6,-97.5,316,72.71527778,12,1,0.206878692,0.248487353,0.169727609,0.068820238,0.100637242,0.820420929,0.332659867,0.486455329,0.788695511,0.319796015,0.467644256,21.6099987,44.36999893,99.25999451,148.2899933,0,0,296.5499878,296.5499878,969.5319029,969.5319029,nan,nan,34.78530575,17.12999916,14.05740571
36.6,-97.5,316,78.75694444,12,1,0.217153341,0.213189885,0.160134792,0.04537724,0.077527791,0.737427257,0.208964041,0.357018645,0.740129005,0.209729633,0.358326671,63.00999832,37.54999924,-72.63999939,170.2799988,0,0,297.4400024,297.4400024,969.5319029,969.5319029,nan,nan,62.03386288,22.02000046,17.9042235
36.6,-97.5,316,80.75,12,1,0.21801725,0.229503647,0.179936111,0.078325458,0.111405328,0.825329696,0.359262663,0.510993179,0.81672376,0.355516534,0.505664915,54.22999954,37.27999878,-73.97999573,165.3099976,0,0,278.7099915,278.7099915,969.5319029,969.5319029,nan,nan,30.91384124,11.73999977,10.4173068
36.6,-97.5,316,84.73263889,12,1,0.189005092,0.196079955,0.151039764,0.05476059,0.082795911,0.799130663,0.289730767,0.438061799,0.793192486,0.287577837,0.434806651,24.29999924,37.32999802,-78.86000061,155.3899994,0,0,291.8399963,291.8399963,969.5319029,969.5319029,nan,nan,39.93611129,20.92000008,16.95927771
36.6,-97.5,316,86.72569444,12,1,0.188538775,0.219237536,0.150639638,0.054369122,0.083819404,0.798984922,0.288371036,0.444573825,0.773786614,0.279276419,0.430552899,1.419999957,37.65999985,-86.84999847,150.4700012,0,0,298.6900024,298.6900024,969.5319029,969.5319029,nan,nan,42.23857905,22.84000015,18.66080948
36.6,-97.5,316,88.71527778,12,1,0.21739383,0.251534015,0.192771867,0.100747258,0.132108539,0.886740284,0.463432,0.60769222,0.85973714,0.449319501,0.589186688,21.97999954,38.20000076,98.00999451,145.6499939,0,0,292.1900024,292.1900024,969.5319029,969.5319029,nan,nan,18.60785137,9.149999619,7.915273819
36.6,-97.5,316,91.73611111,12,1,0.213630587,0.222125933,0.172498956,0.068571642,0.101636224,0.807463757,0.320982323,0.475756889,0.801092425,0.318449596,0.472002907,33.66999817,34.09000015,-76.51999664,157.1699982,0,0,294.8599854,294.8599854,969.5319029,969.5319029,nan,nan,33.03398286,17.34000015,13.71234563
36.6,-97.5,316,129.7118056,12,1,0.323697984,0.328408688,0.285815835,0.143019781,0.189259127,0.882970698,0.441830927,0.584678114,0.880408221,0.440548686,0.582981314,32.80999756,26.1099987,98.5,132.1600037,0,0,290.4299927,290.4299927,969.5319029,969.5319029,nan,nan,19.69542616,9.489999771,8.550387157
36.6,-97.5,316,130.7395833,12,1,0.275025815,0.297411859,0.23603338,0.111987598,0.152699277,0.858222637,0.407189406,0.555217978,0.844475229,0.400666858,0.546324239,41.18999863,20.68000031,-76.25,154.2099915,0,0,294.4299927,294.4299927,969.5319029,969.5319029,nan,nan,22.60319211,11.42999935,9.426948299
36.6,-97.5,316,138.7083333,12,1,0.315739065,0.336636841,0.253614843,0.090293765,0.139635012,0.803241888,0.285975905,0.442248131,0.792747988,0.282239793,0.43647041,41.25999832,25.39999962,96.84999847,126.3399963,0,0,296.6300049,296.6300049,969.5319029,969.5319029,nan,nan,41.1173378,20.34000015,16.87015444
36.6,-97.5,316,139.7361111,12,1,0.258174568,0.28205058,0.195522636,0.056211706,0.096503578,0.757327251,0.217727512,0.373791961,0.743574089,0.213773551,0.36700385,33.00999832,19.30999947,-77.25,147.75,0,0,299.2099915,299.2099915,969.5319029,969.5319029,nan,nan,60.32331517,31.86999893,26.78525949
36.6,-97.5,316,141.7291667,12,1,0.255651921,0.309729308,0.201454371,0.067760393,0.108196527,0.788002572,0.265049419,0.423218126,0.756018832,0.254291495,0.406040392,12.15999985,20.43000031,-78.79999542,139.75,0,0,297.5599976,297.5599976,969.5319029,969.5319029,nan,nan,50.28810982,28.29999924,24.06043901
36.6,-97.5,316,143.71875,12,1,0.257356942,0.283813655,0.198339701,0.058864046,0.098532163,0.770679428,0.228725309,0.38286188,0.755153231,0.224117382,0.375148701,11.78999996,21.82999992,101.9799957,132.6100006,0,0,299.8099976,299.8099976,969.5319029,969.5319029,nan,nan,55.03731745,32.73999786,26.2232346
36.6,-97.5,316,151.7534722,12,1,0.250610262,0.262293518,0.176675543,0.042087857,0.079670973,0.704981279,0.167941474,0.317907864,0.698468864,0.166390078,0.314971122,58.43000031,15.32999992,-72.91999817,162.0399933,0,0,302.25,302.25,969.5319029,969.5319029,nan,nan,82.06423246,33.27999878,27.84700684
36.6,-97.5,316,152.7152778,12,1,0.281268299,0.314201236,0.210635379,0.055631165,0.098852232,0.748877069,0.197786828,0.351451737,0.731741545,0.193261144,0.34340995,23.07999992,21.84000015,99.77999878,126.5999985,0,0,302.1900024,302.1900024,969.5319029,969.5319029,nan,nan,69.24512906,38.07999802,31.99380723
36.6,-97.5,316,155.7361111,12,1,0.241464973,0.28832987,0.172029406,0.039154306,0.076415554,0.712440417,0.162153151,0.316466413,0.68581889,0.156094027,0.304641116,32.82999802,17.20999908,-76.61000061,142.3000031,0,0,308.6799927,308.6799927,969.5319029,969.5319029,nan,nan,82.51598128,46.61000061,36.88776278
36.6,-97.5,316,156.6979167,12,1,0.31426993,0.350532532,0.217359766,0.043959636,0.090314277,0.691633992,0.139878595,0.28737804,0.676032937,0.13672338,0.280895709,54.31999969,25.84999847,94.5799942,115.9700012,0,0,308.3899841,308.3899841,969.5319029,969.5319029,nan,nan,97.96971909,42.82999802,34.67101853
36.6,-97.5,316,157.7291667,12,1,0.245216221,0.310509086,0.188321799,0.05339656,0.092513412,0.767982634,0.21775297,0.377272808,0.729152839,0.206743212,0.358197604,12.07999992,18.70999908,-80.54000092,134.2299957,0,0,309.6399841,309.6399841,969.5319029,969.5319029,nan,nan,63.98087952,36.20999908,30.78313643
36.6,-97.5,316,158.7569444,12,1,0.271596223,0.290301979,0.184731543,0.03603249,0.074393272,0.680169779,0.132669335,0.273911292,0.670927961,0.130866689,0.270189518,62.52999878,14.22999954,-72.66999817,165.6299896,0,0,311.4499817,311.4499817,969.5319029,969.5319029,nan,nan,101.3874354,39.32999802,31.6883689
36.6,-97.5,316,162.7395833,12,1,0.277854234,0.336850673,0.23586084,0.104773223,0.147271082,0.848865379,0.377079816,0.530030008,0.81428611,0.361719142,0.508438775,41.09000015,16.07999992,-76.26999664,144.4700012,0,0,301.4299927,301.4299927,969.5319029,969.5319029,nan,nan,27.88676203,14.06999969,11.77877493
36.6,-97.5,316,163.7013889,12,1,0.317145348,0.384673715,0.249400333,0.080376744,0.131423995,0.78639127,0.253438195,0.41439673,0.754270566,0.243086333,0.397470404,48.43999863,24.60000038,95.63999939,116.4899979,0,0,303.7299805,303.7299805,969.5319029,969.5319029,nan,nan,54.03899963,23.78999901,20.7268219
36.6,-97.5,316,170.7083333,12,1,0.350825012,0.426528513,0.244876325,0.050850663,0.103509635,0.698001331,0.144945946,0.295046337,0.669123683,0.138949256,0.282839707,41.45000076,23.60000038,96.27999878,117.6100006,0,0,307.4799805,307.4799805,969.5319029,969.5319029,nan,nan,93.66341624,49.57999802,38.61718106
36.6,-97.5,316,173.7291667,12,1,0.257267684,0.314457506,0.192868054,0.057309203,0.095426969,0.74967851,0.222760986,0.37092482,0.717767026,0.213278743,0.355135703,11.97999954,18.60000038,-79.25,130.8300018,0,0,306.9199829,306.9199829,969.5319029,969.5319029,nan,nan,66.58745495,36.77000046,32.05365357
36.6,-97.5,316,174.7569444,12,1,0.240452349,0.278585941,0.16074732,0.030679975,0.065186523,0.668520478,0.127592743,0.271099547,0.64796809,0.123670147,0.262765108,62.52999878,13.75999928,-72.47000122,161.8600006,0,0,307.9700012,307.9700012,969.5319029,969.5319029,nan,nan,112.9727247,42.27000046,35.3325883
36.6,-97.5,316,183.7534722,12,1,0.276560903,0.317828804,0.18548879,0.035924282,0.074455291,0.670697805,0.129896459,0.269218426,0.651261791,0.126132216,0.261416801,58.43000031,14.71999931,-73.56999969,155.3300018,0,0,315.4199829,315.4199829,969.5319029,969.5319029,nan,nan,114.1850223,45.55999756,38.78555658
36.6,-97.5,316,186.7083333,12,1,0.317995489,0.386431783,0.226146057,0.048934735,0.096098393,0.711161212,0.153884999,0.302200492,0.681814351,0.147534763,0.289729852,41.45000076,24.57999992,97.09999847,117.6299973,0,0,308.9799805,308.9799805,969.5319029,969.5319029,nan,nan,85.33434489,46.5399971,35.06201836
36.6,-97.5,316,193.7118056,12,1,0.293398053,0.319747835,0.19987303,0.036929656,0.078000888,0.681235027,0.125868783,0.265853463,0.669214727,0.123647845,0.261162514,33.09000015,24.21999931,98.45999908,120.9899979,0,0,311.8899841,311.8899841,969.5319029,969.5319029,nan,nan,103.5454037,58.54999924,45.21433467
36.6,-97.5,316,194.7395833,12,1,0.240611941,0.281477183,0.167510733,0.03547838,0.071079046,0.696186285,0.147450619,0.295409469,0.673315274,0.142606593,0.285704719,41,17.88999939,-76.00999451,142.5200043,0,0,311.9700012,311.9700012,969.5319029,969.5319029,nan,nan,89.3808171,48.71999741,37.62101288
36.6,-97.5,316,196.7326389,12,1,0.25622189,0.302658826,0.182572812,0.046656542,0.083911821,0.71255743,0.182094283,0.327496691,0.687632513,0.175724713,0.316041014,23.01000023,19.77000046,-77.65999603,135.6499939,0,0,312.0599976,312.0599976,969.5319029,969.5319029,nan,nan,89.87989903,44.93999863,41.82260458
36.6,-97.5,316,200.7152778,12,1,0.307116628,0.360114873,0.21997866,0.049969479,0.095749304,0.71627076,0.162705223,0.311768544,0.692374538,0.157277052,0.301367323,23.17000008,24.07999992,99.30999756,125.1299973,0,0,310.7299805,310.7299805,969.5319029,969.5319029,nan,nan,82.20587931,48.39999771,37.65637652
36.6,-97.5,316,212.7326389,12,1,0.230487451,0.256030083,0.16328004,0.036852937,0.071570151,0.708411843,0.159891296,0.310516474,0.693051052,0.156424306,0.303783415,23.10000038,22.5,-78.58000183,140.5899963,0,0,307.3299866,307.3299866,969.5319029,969.5319029,nan,nan,82.8939586,48.68000031,38.20773405
36.6,-97.5,316,216.7152778,12,1,0.283348203,0.334506452,0.218393922,0.072691299,0.115469009,0.770761628,0.256544062,0.407516291,0.743899556,0.247603159,0.393313804,23.17000008,26.72999954,98.84999847,130.8199921,0,0,303.4899902,303.4899902,969.5319029,969.5319029,nan,nan,48.63286998,28.64999962,22.03188888
36.6,-97.5,316,218.7083333,12,1,0.291954577,0.314696729,0.204240829,0.0441822,0.08672712,0.699563716,0.151332445,0.297056895,0.688832233,0.149010968,0.292499967,41.45000076,29.02999878,96.68999481,126.909996,0,0,303.5700073,303.5700073,969.5319029,969.5319029,nan,nan,88.99937802,45.11999893,35.91799866
36.6,-97.5,316,220.6979167,12,1,0.308290005,0.321007729,0.1983919,0.03261444,0.072445236,0.643523619,0.105791428,0.234990545,0.638257678,0.104925738,0.233067622,54.29999924,31.39999962,95.29000092,123.4799957,0,0,306.2799988,306.2799988,969.5319029,969.5319029,nan,nan,139.4370203,55.98999786,48.32751115
36.6,-97.5,316,221.7291667,12,1,0.27743265,0.302158684,0.193858236,0.039715275,0.080329724,0.698757828,0.143152852,0.289546755,0.686520672,0.140645855,0.284476002,11.98999977,25.20999908,-81.41999817,141.1199951,0,0,311.1600037,311.1600037,969.5319029,969.5319029,nan,nan,94.27560114,55.00999832,44.31125129
36.6,-97.5,316,224.75,12,1,0.26209563,0.269800305,0.174848467,0.032271285,0.068493195,0.667117063,0.1231279,0.261329023,0.663217816,0.122408227,0.259801575,53.59999847,22.88999939,-74.66999817,158.7399902,0,0,302.2999878,302.2999878,969.5319029,969.5319029,nan,nan,113.8800748,49.38999939,41.10262184
36.6,-97.5,316,226.7395833,12,1,0.285234183,0.309330493,0.193365574,0.038243879,0.07955683,0.677918656,0.134078876,0.278917587,0.666654981,0.131851144,0.274283349,41,24.43999863,-76.00999451,152.5500031,0,0,309.2799988,309.2799988,969.5319029,969.5319029,nan,nan,98.22074077,52.38999939,40.52951688
36.6,-97.5,316,227.7013889,12,1,0.316382259,0.361903012,0.226433262,0.054626387,0.101853244,0.715695194,0.172659449,0.321930959,0.695676549,0.167830008,0.312926257,48.5399971,31.77999878,95.37999725,128.6199951,0,0,308.25,308.25,969.5319029,969.5319029,nan,nan,77.83142399,37.13000107,28.96896808
36.6,-97.5,316,228.7326389,12,1,0.274954408,0.300697118,0.197986201,0.054473452,0.093759045,0.720069199,0.198118127,0.340998515,0.706833685,0.194476539,0.334730659,23.01000023,26.19999886,-77.88999939,147.0500031,0,0,311.539978,311.539978,969.5319029,969.5319029,nan,nan,73.56021042,39.77999878,33.42207175
36.6,-97.5,316,231.7534722,12,1,0.28616035,0.299558967,0.213922516,0.062743239,0.10571105,0.747561693,0.219259024,0.369411941,0.740626164,0.217224841,0.365984709,58.43000031,24.53999901,-73.66999817,164.5399933,0,0,309.7399902,309.7399902,969.5319029,969.5319029,nan,nan,56.29861477,24.32999992,18.70776129
36.6,-97.5,316,235.7361111,12,1,0.244586393,0.286189854,0.182285473,0.048620619,0.086297743,0.745280514,0.198787096,0.352831332,0.72076064,0.192246962,0.341223113,32.73999786,27.51999855,-77.29000092,152.9400024,0,0,310.5099792,310.5099792,969.5319029,969.5319029,nan,nan,67.50926351,36.30999756,29.14330289
36.6,-97.5,316,237.7291667,12,1,0.266792953,0.307349652,0.200486004,0.057322104,0.099177674,0.751466642,0.214856138,0.371740229,0.729293829,0.208516582,0.360771643,11.97999954,29.29999924,-77.94999695,148.0200043,0,0,311.8699951,311.8699951,969.5319029,969.5319029,nan,nan,62.23695702,35.18999863,28.69434185
36.6,-97.5,316,238.7569444,12,1,0.260647982,0.287418783,0.182667121,0.041288864,0.079539284,0.700819241,0.158408531,0.305159792,0.68671297,0.155220043,0.299017457,62.5399971,26.5,-72.88999939,169.9499969,0,0,312.9599915,312.9599915,969.5319029,969.5319029,nan,nan,79.47831798,33.00999832,24.1870269
36.6,-97.5,316,241.7118056,12,1,0.28573522,0.33371973,0.208702743,0.048829708,0.091778614,0.730406085,0.170891458,0.321201614,0.706671329,0.165338291,0.310764075,33.09000015,33.29000092,98.29000092,139.5899963,0,0,312.8599854,312.8599854,969.5319029,969.5319029,nan,nan,84.44296776,41.45000076,35.33336536
36.6,-97.5,316,247.7534722,12,1,0.225580707,0.273488879,0.156594977,0.033315029,0.066977918,0.694186035,0.147685631,0.296913326,0.665901588,0.141668214,0.284815662,58.43000031,29.81999969,-73.36000061,169.2200012,0,0,312.7599792,312.7599792,969.5319029,969.5319029,nan,nan,93.53514113,39.02000046,30.54019387
36.6,-97.5,316,249.7465278,12,1,0.226535052,0.279973388,0.160225511,0.035207465,0.069625638,0.707287941,0.155417296,0.307350398,0.675422283,0.148415234,0.293503247,47.86999893,31.09999847,-75.43000031,163.9499969,0,0,310.4799805,310.4799805,969.5319029,969.5319029,nan,nan,83.33215273,42.43999863,31.34456529
36.6,-97.5,316,257.7118056,12,1,0.21696195,0.264413267,0.169438407,0.064897485,0.095009968,0.780959089,0.299119201,0.437910738,0.748230296,0.286583576,0.419558574,33.09000015,37.84999847,97.79000092,146.5599976,0,0,302.6099854,302.6099854,969.5319029,969.5319029,nan,nan,58.21031928,22.1099987,23.66259199
36.6,-97.5,316,260.7326389,12,1,0.20363079,0.264544696,0.148946673,0.03723383,0.068737559,0.731454573,0.182849703,0.337559752,0.690163607,0.172527748,0.31850434,23.01000023,36.04999924,-78.11999512,159.5299988,0,0,306.3899841,306.3899841,969.5319029,969.5319029,nan,nan,74.62337903,41.75,32.11965186
41.6569,-69.9589,15,39.61458333,11,1,0.022845563,0.013365852,0.018262992,0.011327719,0.013305455,0.799410901,0.495838932,0.582408746,0.871757645,0.540712391,0.635116779,61.3599968,63.52999878,93.48999786,146.1600037,0,0,278.1499939,278.1499939,1011.139381,1011.139381,nan,nan,15.19852219,5.400000095,3.510156626
41.6569,-69.9589,15,53.625,11,1,0.083825216,0.1010947,0.079247221,0.056053534,0.065104894,0.94538643,0.668695377,0.776674343,0.907974646,0.64223309,0.745939003,52.11999893,57.84999847,94.72000122,147.1699982,0,0,278.2900085,278.2900085,1011.139381,1011.139381,nan,nan,11.418816,2.369999886,3.255216308
41.6569,-69.9589,15,55.61458333,11,1,0.046501976,0.048633821,0.037744056,0.019945798,0.026061125,0.811665655,0.428923679,0.560430494,0.804291238,0.425026677,0.555338683,61.22999954,58.45999908,92.69999695,143.6499939,0,0,278.2999878,278.2999878,1011.139381,1011.139381,nan,nan,25.68766064,7.409999847,6.438926633
41.6569,-69.9589,15,62.62152778,11,1,0.06632147,0.069565818,0.05346084,0.023951162,0.033059388,0.806086479,0.361137378,0.49847189,0.79827638,0.35763835,0.493642241,57.09999847,55.2899971,93.81999969,144.1999969,0,0,277.8500061,277.8500061,1011.139381,1011.139381,nan,nan,36.50059185,10.90999985,10.14696615
41.6569,-69.9589,15,69.625,11,1,0.087737255,0.103203423,0.074511804,0.036956374,0.049963106,0.849260715,0.421216434,0.569462831,0.820339128,0.406871902,0.550069765,52.22999954,52.00999832,94.93999481,144.8999939,0,0,278.4100037,278.4100037,1011.139381,1011.139381,nan,nan,24.36060646,9.050000191,7.478765425
41.6569,-69.9589,15,71.61458333,11,1,0.056993298,0.050685111,0.047390301,0.026637225,0.032868482,0.831506551,0.46737468,0.576707845,0.850329958,0.477954974,0.589763192,61.34999847,52.62999725,92.88999939,141.1199951,0,0,278.3299866,278.3299866,1011.139381,1011.139381,nan,nan,17.9471154,6.019999981,4.807377584
41.6569,-69.9589,15,87.61458333,11,1,0.066968679,0.058794987,0.053665038,0.026631232,0.034805007,0.801345326,0.397666979,0.519720676,0.821396008,0.407617114,0.53272475,61.46999741,46.54999924,92.54000092,138.4199982,0,0,278.6499939,278.6499939,1011.139381,1011.139381,nan,nan,63.59373059,8.909999847,17.92485075
41.6569,-69.9589,15,101.625,11,1,0.112553112,0.120506436,0.098243281,0.058105838,0.070903383,0.872861525,0.516252607,0.629954888,0.860697656,0.509058305,0.621176074,52.5399971,39.91999817,94.98999786,139.7299957,0,0,279.0099792,279.0099792,1011.139381,1011.139381,nan,nan,17.51996592,5.739999771,5.942886296
41.6569,-69.9589,15,103.6145833,11,1,0.092102096,0.096318528,0.075042315,0.036173359,0.049222674,0.814773154,0.392752829,0.534435986,0.807380778,0.389189412,0.529587088,61.57999802,40.79000092,92.70999908,135.2799988,0,0,279.019989,279.019989,1011.139381,1011.139381,nan,nan,15.59749075,8.849999428,4.558061073
41.6569,-69.9589,15,126.6215278,11,1,0.087933898,0.096136078,0.071874701,0.036804892,0.049674317,0.817371937,0.418551809,0.564905211,0.802402845,0.410886584,0.554559716,57.64999771,33.20999908,94.00999451,131.6799927,0,0,280.5700073,280.5700073,1011.139381,1011.139381,nan,nan,25.09041574,9.019999504,8.188614112
41.6569,-69.9589,15,133.625,11,1,0.106659934,0.124343872,0.088788904,0.042208351,0.057277281,0.832448521,0.395728271,0.537008403,0.805730905,0.383027286,0.519773002,52.84999847,30.80999947,95.37999725,131.9899902,0,0,280.8299866,280.8299866,1011.139381,1011.139381,nan,nan,24.66369079,11.01000023,8.745329947
41.6569,-69.9589,15,142.6215278,11,1,0.081661552,0.092991926,0.067549951,0.032473456,0.044010185,0.827194066,0.39765906,0.538933972,0.804859542,0.386922129,0.52438257,57.75,30.15999985,93.97999573,127.1699982,0,0,283.3800049,283.3800049,1011.139381,1011.139381,nan,nan,26.21052933,10.10999966,8.648679252
41.6569,-69.9589,15,160.6111111,11,1,0.08039669,0.075132147,0.059952889,0.022455493,0.0332059,0.745713399,0.279308677,0.413025717,0.755609172,0.283015162,0.418506655,65.40999603,30.59000015,92.01999664,118.7199936,0,0,287.6799927,287.6799927,1011.139381,1011.139381,nan,nan,45.88730387,15.05999947,12.8723041
41.6569,-69.9589,15,208.6111111,11,1,0.095520973,0.084743179,0.061512005,0.01487591,0.026822181,0.643963336,0.155734492,0.280798871,0.658830735,0.159329986,0.287281769,65.41999817,34.43000031,92.00999451,121.1899948,0,0,295.6000061,295.6000061,1011.139381,1011.139381,nan,nan,119.9349043,31.73999977,33.16373989
41.6569,-69.9589,15,214.6527778,11,1,0.148788795,0.150079683,0.110543311,0.031088864,0.053916451,0.74295454,0.208946275,0.362369025,0.741667602,0.20858434,0.361741334,9,27.26999855,-79.91999817,146.4799957,0,0,296.8899841,296.8899841,1011.139381,1011.139381,nan,nan,56.28305465,34.09999847,26.33119027
41.6569,-69.9589,15,215.6145833,11,1,0.15100725,0.147012964,0.095227681,0.018380359,0.037953787,0.630616617,0.121718386,0.251337513,0.633970442,0.122365724,0.252674208,61.93000031,34.71999741,92.50999451,125.1899948,0,0,296.1900024,296.1900024,1011.139381,1011.139381,nan,nan,113.575671,42.71999741,33.98638657
41.6569,-69.9589,15,216.6458333,11,1,0.133420438,0.133721694,0.089543477,0.020222936,0.039668936,0.671137633,0.151572999,0.297322787,0.670834691,0.151504581,0.297188579,13.22999954,29.05999947,99.40999603,141.5800018,0,0,295.2599792,295.2599792,1011.139381,1011.139381,nan,nan,81.89162119,50.62999725,37.71577208
41.6569,-69.9589,15,256.6111111,11,1,0.065236643,0.060050149,0.049133912,0.022130372,0.031780615,0.753164318,0.339232232,0.487158964,0.765333547,0.344713366,0.49503022,65.40999603,45.43999863,92.11000061,138.5899963,0,0,292.7999878,292.7999878,1011.139381,1011.139381,nan,nan,39.35046658,11.46000004,10.27872645
41.6569,-69.9589,15,263.6840278,11,1,0.051600631,0.04755896,0.040560488,0.021751538,0.029085018,0.786046346,0.421536275,0.563656238,0.798555886,0.428244817,0.572626549,59.32999802,40.55999756,-71.11999512,177.6199951,0,0,291.0599976,291.0599976,1011.139381,1011.139381,nan,nan,22.02358145,8.13999939,6.721283027
41.6569,-69.9589,15,265.6736111,11,1,0.100253686,0.101783209,0.084018201,0.04144685,0.056028865,0.838055973,0.413419708,0.558870874,0.835506589,0.412162076,0.557170777,50.09000015,41.50999832,-72.81999969,173.3099976,0,0,290.2399902,290.2399902,1011.139381,1011.139381,nan,nan,23.97794568,8.88999939,8.285278677
41.6569,-69.9589,15,277.625,11,1,0.081115522,0.08911024,0.063965924,0.026063038,0.038561929,0.788578103,0.321307655,0.475395193,0.773334191,0.315096494,0.466205384,52.94999695,50.04999924,94.77999878,151.1499939,0,0,290.1499939,290.1499939,1011.139381,1011.139381,nan,nan,35.09604354,14.75999928,10.9093442
41.6569,-69.9589,15,288.6111111,11,1,0.055168275,0.054174922,0.041695744,0.018173922,0.026012866,0.755792055,0.329427048,0.471518566,0.75852363,0.330617659,0.473222722,65.41999817,55.36999893,91.79999542,148.6199951,0,0,288.5400085,288.5400085,1011.139381,1011.139381,nan,nan,47.04518362,11.40999985,11.29869892
41.6569,-69.9589,15,309.625,11,1,0.054598946,0.058288019,0.041713141,0.015013247,0.022724314,0.763991686,0.274973198,0.416204255,0.753805253,0.271306932,0.410654932,52.95999908,60.34000015,94.54000092,157.1699982,0,0,285.3399963,285.3399963,1011.139381,1011.139381,nan,nan,48.93938099,15.46000004,13.29546356
41.6569,-69.9589,15,320.6111111,11,1,0.029094586,0.024724007,0.023004903,0.011614915,0.014986476,0.790693582,0.399212244,0.515095003,0.815184946,0.411577657,0.53104983,65.41999817,64.76999664,91.58999634,153.3000031,0,0,285.2299805,285.2299805,1011.139381,1011.139381,nan,nan,22.75843974,6.940000057,4.791167916
41.6569,-69.9589,15,334.6215278,11,1,0.036671724,0.036454536,0.027706346,0.012221696,0.017618006,0.755523393,0.33327301,0.480424809,0.756419372,0.33366824,0.480994547,57.64999771,66.84999847,93.98999786,156.4599915,0,0,284.1300049,284.1300049,1011.139381,1011.139381,nan,nan,43.01441295,9.840000153,9.748374459
